 Date Time, Monitor ID, Location ID, PM10(ppm), PM2.5(ppm)
01 Jan 2025 17:31,2,1,0.194,0.083
01 Jan 2025 17:32,2,1,0.186,0.085
01 Jan 2025 17:33,2,1,0.184,0.085
01 Jan 2025 17:34,2,1,0.199,0.084
01 Jan 2025 17:35,2,1,0.179,0.084
01 Jan 2025 17:36,2,1,0.172,0.085
01 Jan 2025 17:37,2,1,0.180,0.086
01 Jan 2025 17:38,2,1,0.175,0.083
01 Jan 2025 17:39,2,1,0.178,0.085
01 Jan 2025 17:40,2,1,0.179,0.084
01 Jan 2025 17:41,2,1,0.163,0.082
01 Jan 2025 17:42,2,1,0.162,0.085
01 Jan 2025 17:43,2,1,0.164,0.082
01 Jan 2025 17:44,2,1,0.164,0.083
01 Jan 2025 17:45,2,1,0.164,0.083
01 Jan 2025 17:46,2,1,0.177,0.084
01 Jan 2025 17:47,2,1,0.167,0.083
01 Jan 2025 17:48,2,1,0.166,0.082
01 Jan 2025 17:49,2,1,0.166,0.082
01 Jan 2025 17:50,2,1,0.158,0.082
01 Jan 2025 17:51,2,1,0.161,0.083
01 Jan 2025 17:52,2,1,0.165,0.083
01 Jan 2025 17:53,2,1,0.145,0.081
01 Jan 2025 17:54,2,1,0.152,0.084
01 Jan 2025 17:55,2,1,0.157,0.082
01 Jan 2025 17:56,2,1,0.143,0.084
01 Jan 2025 17:57,2,1,0.158,0.081
01 Jan 2025 17:58,2,1,0.149,0.080
01 Jan 2025 17:59,2,1,0.156,0.083
01 Jan 2025 18:00,2,1,0.151,0.082
01 Jan 2025 18:01,2,1,0.152,0.083
01 Jan 2025 18:02,2,1,0.148,0.081
01 Jan 2025 18:03,2,1,0.155,0.080
01 Jan 2025 18:04,2,1,0.155,0.083
01 Jan 2025 18:05,2,1,0.154,0.083
01 Jan 2025 18:06,2,1,0.151,0.083
01 Jan 2025 18:07,2,1,0.147,0.081
01 Jan 2025 18:08,2,1,0.149,0.080
01 Jan 2025 18:09,2,1,0.140,0.081
01 Jan 2025 18:10,2,1,0.132,0.077
01 Jan 2025 18:11,2,1,0.141,0.079
01 Jan 2025 18:12,2,1,0.136,0.080
01 Jan 2025 18:13,2,1,0.145,0.080
01 Jan 2025 18:14,2,1,0.136,0.081
01 Jan 2025 18:15,2,1,0.134,0.080
01 Jan 2025 18:16,2,1,0.127,0.078
01 Jan 2025 18:17,2,1,0.146,0.083
01 Jan 2025 18:18,2,1,0.134,0.080
01 Jan 2025 18:19,2,1,0.138,0.080
01 Jan 2025 18:20,2,1,0.135,0.081
01 Jan 2025 18:21,2,1,0.136,0.078
01 Jan 2025 18:22,2,1,0.138,0.081
01 Jan 2025 18:23,2,1,0.125,0.079
01 Jan 2025 18:24,2,1,0.127,0.078
01 Jan 2025 18:25,2,1,0.121,0.079
01 Jan 2025 18:26,2,1,0.141,0.081
01 Jan 2025 18:27,2,1,0.135,0.083
01 Jan 2025 18:28,2,1,0.123,0.079
01 Jan 2025 18:29,2,1,0.121,0.078
01 Jan 2025 18:30,2,1,0.132,0.080
01 Jan 2025 18:31,2,1,0.127,0.078
01 Jan 2025 18:32,2,1,0.119,0.079
01 Jan 2025 18:33,2,1,0.136,0.079
01 Jan 2025 18:34,2,1,0.126,0.080
01 Jan 2025 18:35,2,1,0.125,0.080
01 Jan 2025 18:36,2,1,0.125,0.078
01 Jan 2025 18:37,2,1,0.121,0.078
01 Jan 2025 18:38,2,1,0.120,0.078
01 Jan 2025 18:39,2,1,0.116,0.077
01 Jan 2025 18:40,2,1,0.123,0.079
01 Jan 2025 18:41,2,1,0.121,0.079
01 Jan 2025 18:42,2,1,0.118,0.079
01 Jan 2025 18:43,2,1,0.122,0.078
01 Jan 2025 18:44,2,1,0.118,0.076
01 Jan 2025 18:45,2,1,0.116,0.077
01 Jan 2025 18:46,2,1,0.122,0.080
01 Jan 2025 18:47,2,1,0.115,0.079
01 Jan 2025 18:48,2,1,0.120,0.078
01 Jan 2025 18:49,2,1,0.120,0.078
01 Jan 2025 18:50,2,1,0.120,0.076
01 Jan 2025 18:51,2,1,0.113,0.080
01 Jan 2025 18:52,2,1,0.107,0.077
01 Jan 2025 18:53,2,1,0.118,0.078
01 Jan 2025 18:54,2,1,0.110,0.078
01 Jan 2025 18:55,2,1,0.111,0.080
01 Jan 2025 18:56,2,1,0.109,0.077
01 Jan 2025 18:57,2,1,0.116,0.079
01 Jan 2025 18:58,2,1,0.112,0.079
01 Jan 2025 18:59,2,1,0.107,0.077
01 Jan 2025 19:00,2,1,0.109,0.078
01 Jan 2025 19:01,2,1,0.109,0.078
01 Jan 2025 19:02,2,1,0.121,0.080
01 Jan 2025 19:03,2,1,0.112,0.076
01 Jan 2025 19:04,2,1,0.121,0.080
01 Jan 2025 19:05,2,1,0.104,0.076
01 Jan 2025 19:06,2,1,0.112,0.079
01 Jan 2025 19:07,2,1,0.101,0.074
01 Jan 2025 19:08,2,1,0.103,0.076
01 Jan 2025 19:09,2,1,0.111,0.078
01 Jan 2025 19:10,2,1,0.104,0.079
01 Jan 2025 19:11,2,1,0.110,0.078
01 Jan 2025 19:12,2,1,0.114,0.078
01 Jan 2025 19:13,2,1,0.110,0.076
01 Jan 2025 19:14,2,1,0.109,0.080
01 Jan 2025 19:15,2,1,0.104,0.080
01 Jan 2025 19:16,2,1,0.110,0.079
01 Jan 2025 19:17,2,1,0.111,0.079
01 Jan 2025 19:18,2,1,0.101,0.077
01 Jan 2025 19:19,2,1,0.104,0.080
01 Jan 2025 19:20,2,1,0.108,0.078
01 Jan 2025 19:21,2,1,0.103,0.078
01 Jan 2025 19:22,2,1,0.105,0.080
01 Jan 2025 19:23,2,1,0.107,0.076
01 Jan 2025 19:24,2,1,0.097,0.079
01 Jan 2025 19:25,2,1,0.108,0.080
01 Jan 2025 19:26,2,1,0.111,0.080
01 Jan 2025 19:27,2,1,0.106,0.079
01 Jan 2025 19:28,2,1,0.103,0.077
01 Jan 2025 19:29,2,1,0.103,0.078
01 Jan 2025 19:30,2,1,0.111,0.081
01 Jan 2025 19:31,2,1,0.102,0.078
01 Jan 2025 19:32,2,1,0.105,0.078
01 Jan 2025 19:33,2,1,0.107,0.076
01 Jan 2025 19:34,2,1,0.098,0.077
01 Jan 2025 19:35,2,1,0.101,0.078
01 Jan 2025 19:36,2,1,0.101,0.080
01 Jan 2025 19:37,2,1,0.102,0.078
01 Jan 2025 19:38,2,1,0.101,0.077
01 Jan 2025 19:39,2,1,0.099,0.078
01 Jan 2025 19:40,2,1,0.095,0.077
01 Jan 2025 19:41,2,1,0.099,0.077
01 Jan 2025 19:42,2,1,0.095,0.076
01 Jan 2025 19:43,2,1,0.098,0.079
01 Jan 2025 19:44,2,1,0.095,0.077
01 Jan 2025 19:45,2,1,0.102,0.077
01 Jan 2025 19:46,2,1,0.101,0.079
01 Jan 2025 19:47,2,1,0.101,0.079
01 Jan 2025 19:48,2,1,0.098,0.076
01 Jan 2025 19:49,2,1,0.100,0.078
01 Jan 2025 19:50,2,1,0.091,0.076
01 Jan 2025 19:51,2,1,0.103,0.079
01 Jan 2025 19:52,2,1,0.098,0.077
01 Jan 2025 19:53,2,1,0.093,0.076
01 Jan 2025 19:54,2,1,0.100,0.077
01 Jan 2025 19:55,2,1,0.098,0.077
01 Jan 2025 19:56,2,1,0.094,0.078
01 Jan 2025 19:57,2,1,0.097,0.079
01 Jan 2025 19:58,2,1,0.094,0.077
01 Jan 2025 19:59,2,1,0.095,0.078
01 Jan 2025 20:00,2,1,0.092,0.079
01 Jan 2025 20:01,2,1,0.097,0.078
01 Jan 2025 20:02,2,1,0.097,0.077
01 Jan 2025 20:03,2,1,0.092,0.078
01 Jan 2025 20:04,2,1,0.093,0.075
01 Jan 2025 20:05,2,1,0.099,0.078
01 Jan 2025 20:06,2,1,0.097,0.077
01 Jan 2025 20:07,2,1,0.094,0.077
01 Jan 2025 20:08,2,1,0.093,0.077
01 Jan 2025 20:09,2,1,0.096,0.079
01 Jan 2025 20:10,2,1,0.093,0.077
01 Jan 2025 20:11,2,1,0.097,0.078
01 Jan 2025 20:12,2,1,0.091,0.075
01 Jan 2025 20:13,2,1,0.092,0.077
01 Jan 2025 20:14,2,1,0.090,0.075
01 Jan 2025 20:15,2,1,0.096,0.077
01 Jan 2025 20:16,2,1,0.095,0.077
01 Jan 2025 20:17,2,1,0.098,0.075
01 Jan 2025 20:18,2,1,0.092,0.077
01 Jan 2025 20:19,2,1,0.092,0.076
01 Jan 2025 20:20,2,1,0.100,0.078
01 Jan 2025 20:21,2,1,0.095,0.076
01 Jan 2025 20:22,2,1,0.093,0.075
01 Jan 2025 20:23,2,1,0.093,0.075
01 Jan 2025 20:24,2,1,0.091,0.075
01 Jan 2025 20:25,2,1,0.093,0.076
01 Jan 2025 20:26,2,1,0.094,0.076
01 Jan 2025 20:27,2,1,0.099,0.079
01 Jan 2025 20:28,2,1,0.091,0.076
01 Jan 2025 20:29,2,1,0.092,0.077
01 Jan 2025 20:30,2,1,0.090,0.075
01 Jan 2025 20:31,2,1,0.089,0.076
01 Jan 2025 20:32,2,1,0.091,0.076
01 Jan 2025 20:33,2,1,0.090,0.076
01 Jan 2025 20:34,2,1,0.091,0.077
01 Jan 2025 20:35,2,1,0.095,0.076
01 Jan 2025 20:36,2,1,0.089,0.078
01 Jan 2025 20:37,2,1,0.090,0.076
01 Jan 2025 20:38,2,1,0.092,0.077
01 Jan 2025 20:39,2,1,0.089,0.075
01 Jan 2025 20:40,2,1,0.094,0.077
01 Jan 2025 20:41,2,1,0.096,0.079
01 Jan 2025 20:42,2,1,0.089,0.076
01 Jan 2025 20:43,2,1,0.090,0.078
01 Jan 2025 20:44,2,1,0.091,0.077
01 Jan 2025 20:45,2,1,0.094,0.079
01 Jan 2025 20:46,2,1,0.092,0.078
01 Jan 2025 20:47,2,1,0.088,0.075
01 Jan 2025 20:48,2,1,0.088,0.078
01 Jan 2025 20:49,2,1,0.091,0.077
01 Jan 2025 20:50,2,1,0.083,0.076
01 Jan 2025 20:51,2,1,0.087,0.075
01 Jan 2025 20:52,2,1,0.085,0.078
01 Jan 2025 20:53,2,1,0.090,0.078
01 Jan 2025 20:54,2,1,0.085,0.074
01 Jan 2025 20:55,2,1,0.089,0.077
01 Jan 2025 20:56,2,1,0.093,0.077
01 Jan 2025 20:57,2,1,0.098,0.078
01 Jan 2025 20:58,2,1,0.091,0.076
01 Jan 2025 20:59,2,1,0.088,0.076
01 Jan 2025 21:00,2,1,0.089,0.076
01 Jan 2025 21:01,2,1,0.095,0.077
01 Jan 2025 21:02,2,1,0.091,0.076
01 Jan 2025 21:03,2,1,0.089,0.077
01 Jan 2025 21:04,2,1,0.089,0.075
01 Jan 2025 21:05,2,1,0.089,0.074
01 Jan 2025 21:06,2,1,0.086,0.077
01 Jan 2025 21:07,2,1,0.091,0.076
01 Jan 2025 21:08,2,1,0.093,0.076
01 Jan 2025 21:09,2,1,0.088,0.076
01 Jan 2025 21:10,2,1,0.091,0.076
01 Jan 2025 21:11,2,1,0.083,0.075
01 Jan 2025 21:12,2,1,0.087,0.077
01 Jan 2025 21:13,2,1,0.083,0.075
01 Jan 2025 21:14,2,1,0.088,0.076
01 Jan 2025 21:15,2,1,0.087,0.075
01 Jan 2025 21:16,2,1,0.083,0.075
01 Jan 2025 21:17,2,1,0.087,0.075
01 Jan 2025 21:18,2,1,0.089,0.078
01 Jan 2025 21:19,2,1,0.084,0.074
01 Jan 2025 21:20,2,1,0.082,0.074
01 Jan 2025 21:21,2,1,0.089,0.076
01 Jan 2025 21:22,2,1,0.085,0.076
01 Jan 2025 21:23,2,1,0.084,0.076
01 Jan 2025 21:24,2,1,0.086,0.073
01 Jan 2025 21:25,2,1,0.082,0.076
01 Jan 2025 21:26,2,1,0.086,0.077
01 Jan 2025 21:27,2,1,0.083,0.075
01 Jan 2025 21:28,2,1,0.089,0.077
01 Jan 2025 21:29,2,1,0.088,0.076
01 Jan 2025 21:30,2,1,0.088,0.076
01 Jan 2025 21:31,2,1,0.084,0.075
01 Jan 2025 21:32,2,1,0.088,0.075
01 Jan 2025 21:33,2,1,0.087,0.076
01 Jan 2025 21:34,2,1,0.086,0.077
01 Jan 2025 21:35,2,1,0.087,0.076
01 Jan 2025 21:36,2,1,0.084,0.075
01 Jan 2025 21:37,2,1,0.081,0.075
01 Jan 2025 21:38,2,1,0.088,0.077
01 Jan 2025 21:39,2,1,0.090,0.077
01 Jan 2025 21:40,2,1,0.086,0.076
01 Jan 2025 21:41,2,1,0.082,0.075
01 Jan 2025 21:42,2,1,0.084,0.074
01 Jan 2025 21:43,2,1,0.082,0.074
01 Jan 2025 21:44,2,1,0.082,0.075
01 Jan 2025 21:45,2,1,0.085,0.077
01 Jan 2025 21:46,2,1,0.084,0.075
01 Jan 2025 21:47,2,1,0.090,0.076
01 Jan 2025 21:48,2,1,0.084,0.074
01 Jan 2025 21:49,2,1,0.085,0.075
01 Jan 2025 21:50,2,1,0.086,0.076
01 Jan 2025 21:51,2,1,0.089,0.077
01 Jan 2025 21:52,2,1,0.083,0.077
01 Jan 2025 21:53,2,1,0.083,0.074
01 Jan 2025 21:54,2,1,0.082,0.076
01 Jan 2025 21:55,2,1,0.086,0.077
01 Jan 2025 21:56,2,1,0.084,0.075
01 Jan 2025 21:57,2,1,0.081,0.076
01 Jan 2025 21:58,2,1,0.085,0.076
01 Jan 2025 21:59,2,1,0.085,0.074
01 Jan 2025 22:00,2,1,0.084,0.076
01 Jan 2025 22:01,2,1,0.085,0.076
01 Jan 2025 22:02,2,1,0.086,0.077
01 Jan 2025 22:03,2,1,0.084,0.076
01 Jan 2025 22:04,2,1,0.086,0.075
01 Jan 2025 22:05,2,1,0.088,0.076
01 Jan 2025 22:06,2,1,0.085,0.077
01 Jan 2025 22:07,2,1,0.086,0.078
01 Jan 2025 22:08,2,1,0.087,0.077
01 Jan 2025 22:09,2,1,0.086,0.076
01 Jan 2025 22:10,2,1,0.081,0.076
01 Jan 2025 22:11,2,1,0.086,0.077
01 Jan 2025 22:12,2,1,0.087,0.076
01 Jan 2025 22:13,2,1,0.082,0.077
01 Jan 2025 22:14,2,1,0.082,0.077
01 Jan 2025 22:15,2,1,0.085,0.076
01 Jan 2025 22:16,2,1,0.085,0.076
01 Jan 2025 22:17,2,1,0.083,0.075
01 Jan 2025 22:18,2,1,0.083,0.076
01 Jan 2025 22:19,2,1,0.081,0.076
01 Jan 2025 22:20,2,1,0.085,0.077
01 Jan 2025 22:21,2,1,0.086,0.077
01 Jan 2025 22:22,2,1,0.082,0.077
01 Jan 2025 22:23,2,1,0.087,0.076
01 Jan 2025 22:24,2,1,0.086,0.075
01 Jan 2025 22:25,2,1,0.080,0.076
01 Jan 2025 22:26,2,1,0.083,0.078
01 Jan 2025 22:27,2,1,0.086,0.077
01 Jan 2025 22:28,2,1,0.086,0.077
01 Jan 2025 22:29,2,1,0.084,0.076
01 Jan 2025 22:30,2,1,0.088,0.079
01 Jan 2025 22:31,2,1,0.085,0.076
01 Jan 2025 22:32,2,1,0.086,0.078
01 Jan 2025 22:33,2,1,0.084,0.077
01 Jan 2025 22:34,2,1,0.083,0.077
01 Jan 2025 22:35,2,1,0.083,0.078
01 Jan 2025 22:36,2,1,0.086,0.077
01 Jan 2025 22:37,2,1,0.081,0.077
01 Jan 2025 22:38,2,1,0.087,0.078
01 Jan 2025 22:39,2,1,0.086,0.077
01 Jan 2025 22:40,2,1,0.083,0.078
01 Jan 2025 22:41,2,1,0.083,0.076
01 Jan 2025 22:42,2,1,0.083,0.076
01 Jan 2025 22:43,2,1,0.087,0.079
01 Jan 2025 22:44,2,1,0.081,0.076
01 Jan 2025 22:45,2,1,0.087,0.078
01 Jan 2025 22:46,2,1,0.085,0.078
01 Jan 2025 22:47,2,1,0.089,0.078
01 Jan 2025 22:48,2,1,0.086,0.080
01 Jan 2025 22:49,2,1,0.083,0.077
01 Jan 2025 22:50,2,1,0.084,0.077
01 Jan 2025 22:51,2,1,0.083,0.079
01 Jan 2025 22:52,2,1,0.085,0.079
01 Jan 2025 22:53,2,1,0.084,0.076
01 Jan 2025 22:54,2,1,0.086,0.077
01 Jan 2025 22:55,2,1,0.083,0.077
01 Jan 2025 22:56,2,1,0.084,0.077
01 Jan 2025 22:57,2,1,0.086,0.077
01 Jan 2025 22:58,2,1,0.085,0.079
01 Jan 2025 22:59,2,1,0.084,0.076
01 Jan 2025 23:00,2,1,0.081,0.076
01 Jan 2025 23:01,2,1,0.083,0.078
01 Jan 2025 23:02,2,1,0.083,0.076
01 Jan 2025 23:03,2,1,0.087,0.078
01 Jan 2025 23:04,2,1,0.083,0.076
01 Jan 2025 23:05,2,1,0.082,0.077
01 Jan 2025 23:06,2,1,0.088,0.079
01 Jan 2025 23:07,2,1,0.083,0.077
01 Jan 2025 23:08,2,1,0.089,0.079
01 Jan 2025 23:09,2,1,0.085,0.079
01 Jan 2025 23:10,2,1,0.083,0.076
01 Jan 2025 23:11,2,1,0.088,0.078
01 Jan 2025 23:12,2,1,0.084,0.077
01 Jan 2025 23:13,2,1,0.082,0.077
01 Jan 2025 23:14,2,1,0.082,0.077
01 Jan 2025 23:15,2,1,0.084,0.079
01 Jan 2025 23:16,2,1,0.085,0.079
01 Jan 2025 23:17,2,1,0.084,0.077
01 Jan 2025 23:18,2,1,0.086,0.079
01 Jan 2025 23:19,2,1,0.081,0.077
01 Jan 2025 23:20,2,1,0.082,0.078
01 Jan 2025 23:21,2,1,0.085,0.079
01 Jan 2025 23:22,2,1,0.086,0.079
01 Jan 2025 23:23,2,1,0.088,0.078
01 Jan 2025 23:24,2,1,0.085,0.078
01 Jan 2025 23:25,2,1,0.085,0.077
01 Jan 2025 23:26,2,1,0.084,0.077
01 Jan 2025 23:27,2,1,0.083,0.077
01 Jan 2025 23:28,2,1,0.084,0.080
01 Jan 2025 23:29,2,1,0.082,0.077
01 Jan 2025 23:30,2,1,0.079,0.076
01 Jan 2025 23:31,2,1,0.084,0.080
01 Jan 2025 23:32,2,1,0.084,0.079
01 Jan 2025 23:33,2,1,0.083,0.078
01 Jan 2025 23:34,2,1,0.086,0.079
01 Jan 2025 23:35,2,1,0.087,0.080
01 Jan 2025 23:36,2,1,0.085,0.079
01 Jan 2025 23:37,2,1,0.083,0.079
01 Jan 2025 23:38,2,1,0.083,0.077
01 Jan 2025 23:39,2,1,0.085,0.076
01 Jan 2025 23:40,2,1,0.078,0.075
01 Jan 2025 23:41,2,1,0.081,0.077
01 Jan 2025 23:42,2,1,0.081,0.079
01 Jan 2025 23:43,2,1,0.085,0.078
01 Jan 2025 23:44,2,1,0.079,0.076
01 Jan 2025 23:45,2,1,0.087,0.079
01 Jan 2025 23:46,2,1,0.081,0.076
01 Jan 2025 23:47,2,1,0.084,0.079
01 Jan 2025 23:48,2,1,0.080,0.077
01 Jan 2025 23:49,2,1,0.083,0.077
01 Jan 2025 23:50,2,1,0.084,0.077
01 Jan 2025 23:51,2,1,0.083,0.078
01 Jan 2025 23:52,2,1,0.086,0.078
01 Jan 2025 23:53,2,1,0.085,0.080
01 Jan 2025 23:54,2,1,0.083,0.078
01 Jan 2025 23:55,2,1,0.083,0.079
01 Jan 2025 23:56,2,1,0.084,0.079
01 Jan 2025 23:57,2,1,0.084,0.080
01 Jan 2025 23:58,2,1,0.086,0.077
01 Jan 2025 23:59,2,1,0.081,0.077
02 Jan 2025 00:00,2,1,0.080,0.077
02 Jan 2025 00:01,2,1,0.081,0.077
02 Jan 2025 00:02,2,1,0.079,0.076
02 Jan 2025 00:03,2,1,0.080,0.077
02 Jan 2025 00:04,2,1,0.084,0.076
02 Jan 2025 00:05,2,1,0.080,0.077
02 Jan 2025 00:06,2,1,0.080,0.077
02 Jan 2025 00:07,2,1,0.083,0.079
02 Jan 2025 00:08,2,1,0.079,0.075
02 Jan 2025 00:09,2,1,0.077,0.075
02 Jan 2025 00:10,2,1,0.087,0.078
02 Jan 2025 00:11,2,1,0.085,0.078
02 Jan 2025 00:12,2,1,0.083,0.076
02 Jan 2025 00:13,2,1,0.085,0.077
02 Jan 2025 00:14,2,1,0.087,0.079
02 Jan 2025 00:15,2,1,0.081,0.076
02 Jan 2025 00:16,2,1,0.087,0.078
02 Jan 2025 00:17,2,1,0.082,0.077
02 Jan 2025 00:18,2,1,0.083,0.080
02 Jan 2025 00:19,2,1,0.082,0.077
02 Jan 2025 00:20,2,1,0.089,0.079
02 Jan 2025 00:21,2,1,0.082,0.079
02 Jan 2025 00:22,2,1,0.082,0.077
02 Jan 2025 00:23,2,1,0.078,0.076
02 Jan 2025 00:24,2,1,0.081,0.077
02 Jan 2025 00:25,2,1,0.081,0.076
02 Jan 2025 00:26,2,1,0.081,0.077
02 Jan 2025 00:27,2,1,0.086,0.080
02 Jan 2025 00:28,2,1,0.087,0.080
02 Jan 2025 00:29,2,1,0.083,0.076
02 Jan 2025 00:30,2,1,0.086,0.079
02 Jan 2025 00:31,2,1,0.082,0.079
02 Jan 2025 00:32,2,1,0.083,0.077
02 Jan 2025 00:33,2,1,0.085,0.078
02 Jan 2025 00:34,2,1,0.083,0.079
02 Jan 2025 00:35,2,1,0.083,0.077
02 Jan 2025 00:36,2,1,0.085,0.077
02 Jan 2025 00:37,2,1,0.084,0.079
02 Jan 2025 00:38,2,1,0.082,0.077
02 Jan 2025 00:39,2,1,0.085,0.077
02 Jan 2025 00:40,2,1,0.086,0.079
02 Jan 2025 00:41,2,1,0.085,0.079
02 Jan 2025 00:42,2,1,0.083,0.078
02 Jan 2025 00:43,2,1,0.083,0.081
02 Jan 2025 00:44,2,1,0.081,0.078
02 Jan 2025 00:45,2,1,0.088,0.080
02 Jan 2025 00:46,2,1,0.084,0.077
02 Jan 2025 00:47,2,1,0.086,0.080
02 Jan 2025 00:48,2,1,0.086,0.078
02 Jan 2025 00:49,2,1,0.084,0.079
02 Jan 2025 00:50,2,1,0.087,0.080
02 Jan 2025 00:51,2,1,0.082,0.078
02 Jan 2025 00:52,2,1,0.083,0.078
02 Jan 2025 00:53,2,1,0.085,0.077
02 Jan 2025 00:54,2,1,0.082,0.078
02 Jan 2025 00:55,2,1,0.086,0.079
02 Jan 2025 00:56,2,1,0.085,0.079
02 Jan 2025 00:57,2,1,0.083,0.080
02 Jan 2025 00:58,2,1,0.082,0.077
02 Jan 2025 00:59,2,1,0.084,0.079
02 Jan 2025 01:00,2,1,0.085,0.080
02 Jan 2025 01:01,2,1,0.085,0.080
02 Jan 2025 01:02,2,1,0.087,0.080
02 Jan 2025 01:03,2,1,0.083,0.080
02 Jan 2025 01:04,2,1,0.087,0.079
02 Jan 2025 01:05,2,1,0.085,0.081
02 Jan 2025 01:06,2,1,0.087,0.080
02 Jan 2025 01:07,2,1,0.083,0.078
02 Jan 2025 01:08,2,1,0.087,0.081
02 Jan 2025 01:09,2,1,0.088,0.079
02 Jan 2025 01:10,2,1,0.088,0.081
02 Jan 2025 01:11,2,1,0.086,0.080
02 Jan 2025 01:12,2,1,0.085,0.082
02 Jan 2025 01:13,2,1,0.084,0.081
02 Jan 2025 01:14,2,1,0.088,0.079
02 Jan 2025 01:15,2,1,0.086,0.080
02 Jan 2025 01:16,2,1,0.085,0.080
02 Jan 2025 01:17,2,1,0.085,0.080
02 Jan 2025 01:18,2,1,0.086,0.080
02 Jan 2025 01:19,2,1,0.088,0.081
02 Jan 2025 01:20,2,1,0.089,0.081
02 Jan 2025 01:21,2,1,0.087,0.082
02 Jan 2025 01:22,2,1,0.091,0.082
02 Jan 2025 01:23,2,1,0.086,0.082
02 Jan 2025 01:24,2,1,0.086,0.082
02 Jan 2025 01:25,2,1,0.087,0.081
02 Jan 2025 01:26,2,1,0.085,0.081
02 Jan 2025 01:27,2,1,0.093,0.083
02 Jan 2025 01:28,2,1,0.087,0.080
02 Jan 2025 01:29,2,1,0.087,0.080
02 Jan 2025 01:30,2,1,0.087,0.081
02 Jan 2025 01:31,2,1,0.086,0.081
02 Jan 2025 01:32,2,1,0.088,0.082
02 Jan 2025 01:33,2,1,0.087,0.081
02 Jan 2025 01:34,2,1,0.088,0.082
02 Jan 2025 01:35,2,1,0.086,0.080
02 Jan 2025 01:36,2,1,0.089,0.083
02 Jan 2025 01:37,2,1,0.091,0.083
02 Jan 2025 01:38,2,1,0.087,0.081
02 Jan 2025 01:39,2,1,0.088,0.081
02 Jan 2025 01:40,2,1,0.088,0.082
02 Jan 2025 01:41,2,1,0.087,0.080
02 Jan 2025 01:42,2,1,0.090,0.084
02 Jan 2025 01:43,2,1,0.083,0.080
02 Jan 2025 01:44,2,1,0.090,0.084
02 Jan 2025 01:45,2,1,0.088,0.081
02 Jan 2025 01:46,2,1,0.090,0.084
02 Jan 2025 01:47,2,1,0.092,0.083
02 Jan 2025 01:48,2,1,0.088,0.082
02 Jan 2025 01:49,2,1,0.092,0.083
02 Jan 2025 01:50,2,1,0.089,0.083
02 Jan 2025 01:51,2,1,0.093,0.084
02 Jan 2025 01:52,2,1,0.090,0.084
02 Jan 2025 01:53,2,1,0.093,0.085
02 Jan 2025 01:54,2,1,0.089,0.084
02 Jan 2025 01:55,2,1,0.090,0.084
02 Jan 2025 01:56,2,1,0.091,0.083
02 Jan 2025 01:57,2,1,0.091,0.085
02 Jan 2025 01:58,2,1,0.090,0.084
02 Jan 2025 01:59,2,1,0.091,0.085
02 Jan 2025 02:00,2,1,0.088,0.083
02 Jan 2025 02:01,2,1,0.089,0.083
02 Jan 2025 02:02,2,1,0.085,0.082
02 Jan 2025 02:03,2,1,0.087,0.084
02 Jan 2025 02:04,2,1,0.088,0.082
02 Jan 2025 02:05,2,1,0.090,0.083
02 Jan 2025 02:06,2,1,0.093,0.082
02 Jan 2025 02:07,2,1,0.088,0.082
02 Jan 2025 02:08,2,1,0.090,0.085
02 Jan 2025 02:09,2,1,0.094,0.086
02 Jan 2025 02:10,2,1,0.091,0.084
02 Jan 2025 02:11,2,1,0.088,0.084
02 Jan 2025 02:12,2,1,0.087,0.085
02 Jan 2025 02:13,2,1,0.091,0.084
02 Jan 2025 02:14,2,1,0.088,0.084
02 Jan 2025 02:15,2,1,0.088,0.086
02 Jan 2025 02:16,2,1,0.088,0.083
02 Jan 2025 02:17,2,1,0.092,0.084
02 Jan 2025 02:18,2,1,0.094,0.085
02 Jan 2025 02:19,2,1,0.088,0.085
02 Jan 2025 02:20,2,1,0.090,0.082
02 Jan 2025 02:21,2,1,0.091,0.086
02 Jan 2025 02:22,2,1,0.087,0.083
02 Jan 2025 02:23,2,1,0.090,0.084
02 Jan 2025 02:24,2,1,0.093,0.083
02 Jan 2025 02:25,2,1,0.087,0.083
02 Jan 2025 02:26,2,1,0.092,0.084
02 Jan 2025 02:27,2,1,0.091,0.083
02 Jan 2025 02:28,2,1,0.085,0.082
02 Jan 2025 02:29,2,1,0.090,0.083
02 Jan 2025 02:30,2,1,0.089,0.084
02 Jan 2025 02:31,2,1,0.088,0.083
02 Jan 2025 02:32,2,1,0.090,0.083
02 Jan 2025 02:33,2,1,0.093,0.086
02 Jan 2025 02:34,2,1,0.090,0.084
02 Jan 2025 02:35,2,1,0.092,0.084
02 Jan 2025 02:36,2,1,0.091,0.086
02 Jan 2025 02:37,2,1,0.093,0.087
02 Jan 2025 02:38,2,1,0.094,0.085
02 Jan 2025 02:39,2,1,0.095,0.086
02 Jan 2025 02:40,2,1,0.091,0.087
02 Jan 2025 02:41,2,1,0.095,0.089
02 Jan 2025 02:42,2,1,0.096,0.085
02 Jan 2025 02:43,2,1,0.088,0.084
02 Jan 2025 02:44,2,1,0.091,0.087
02 Jan 2025 02:45,2,1,0.094,0.087
02 Jan 2025 02:46,2,1,0.091,0.087
02 Jan 2025 02:47,2,1,0.091,0.087
02 Jan 2025 02:48,2,1,0.099,0.085
02 Jan 2025 02:49,2,1,0.090,0.085
02 Jan 2025 02:50,2,1,0.091,0.087
02 Jan 2025 02:51,2,1,0.091,0.085
02 Jan 2025 02:52,2,1,0.094,0.087
02 Jan 2025 02:53,2,1,0.091,0.084
02 Jan 2025 02:54,2,1,0.094,0.086
02 Jan 2025 02:55,2,1,0.093,0.085
02 Jan 2025 02:56,2,1,0.095,0.089
02 Jan 2025 02:57,2,1,0.094,0.086
02 Jan 2025 02:58,2,1,0.089,0.086
02 Jan 2025 02:59,2,1,0.090,0.087
02 Jan 2025 03:00,2,1,0.092,0.086
02 Jan 2025 03:01,2,1,0.091,0.086
02 Jan 2025 03:02,2,1,0.093,0.087
02 Jan 2025 03:03,2,1,0.091,0.083
02 Jan 2025 03:04,2,1,0.096,0.087
02 Jan 2025 03:05,2,1,0.092,0.087
02 Jan 2025 03:06,2,1,0.092,0.086
02 Jan 2025 03:07,2,1,0.096,0.087
02 Jan 2025 03:08,2,1,0.092,0.086
02 Jan 2025 03:09,2,1,0.094,0.087
02 Jan 2025 03:10,2,1,0.090,0.087
02 Jan 2025 03:11,2,1,0.092,0.086
02 Jan 2025 03:12,2,1,0.094,0.088
02 Jan 2025 03:13,2,1,0.092,0.088
02 Jan 2025 03:14,2,1,0.099,0.089
02 Jan 2025 03:15,2,1,0.090,0.087
02 Jan 2025 03:16,2,1,0.093,0.087
02 Jan 2025 03:17,2,1,0.091,0.086
02 Jan 2025 03:18,2,1,0.096,0.088
02 Jan 2025 03:19,2,1,0.098,0.088
02 Jan 2025 03:20,2,1,0.092,0.087
02 Jan 2025 03:21,2,1,0.092,0.084
02 Jan 2025 03:22,2,1,0.090,0.085
02 Jan 2025 03:23,2,1,0.094,0.087
02 Jan 2025 03:24,2,1,0.090,0.089
02 Jan 2025 03:25,2,1,0.095,0.089
02 Jan 2025 03:26,2,1,0.094,0.087
02 Jan 2025 03:27,2,1,0.094,0.087
02 Jan 2025 03:28,2,1,0.093,0.089
02 Jan 2025 03:29,2,1,0.093,0.089
02 Jan 2025 03:30,2,1,0.092,0.084
02 Jan 2025 03:31,2,1,0.087,0.085
02 Jan 2025 03:32,2,1,0.093,0.088
02 Jan 2025 03:33,2,1,0.087,0.084
02 Jan 2025 03:34,2,1,0.093,0.085
02 Jan 2025 03:35,2,1,0.092,0.088
02 Jan 2025 03:36,2,1,0.095,0.088
02 Jan 2025 03:37,2,1,0.093,0.089
02 Jan 2025 03:38,2,1,0.090,0.085
02 Jan 2025 03:39,2,1,0.090,0.086
02 Jan 2025 03:40,2,1,0.094,0.085
02 Jan 2025 03:41,2,1,0.090,0.086
02 Jan 2025 03:42,2,1,0.094,0.087
02 Jan 2025 03:43,2,1,0.091,0.086
02 Jan 2025 03:44,2,1,0.095,0.088
02 Jan 2025 03:45,2,1,0.096,0.088
02 Jan 2025 03:46,2,1,0.093,0.085
02 Jan 2025 03:47,2,1,0.091,0.087
02 Jan 2025 03:48,2,1,0.095,0.088
02 Jan 2025 03:49,2,1,0.097,0.089
02 Jan 2025 03:50,2,1,0.093,0.086
02 Jan 2025 03:51,2,1,0.093,0.086
02 Jan 2025 03:52,2,1,0.090,0.088
02 Jan 2025 03:53,2,1,0.091,0.085
02 Jan 2025 03:54,2,1,0.092,0.087
02 Jan 2025 03:55,2,1,0.092,0.085
02 Jan 2025 03:56,2,1,0.090,0.087
02 Jan 2025 03:57,2,1,0.089,0.086
02 Jan 2025 03:58,2,1,0.091,0.086
02 Jan 2025 03:59,2,1,0.093,0.088
02 Jan 2025 04:00,2,1,0.093,0.088
02 Jan 2025 04:01,2,1,0.091,0.086
02 Jan 2025 04:02,2,1,0.095,0.088
02 Jan 2025 04:03,2,1,0.090,0.085
02 Jan 2025 04:04,2,1,0.091,0.087
02 Jan 2025 04:05,2,1,0.089,0.083
02 Jan 2025 04:06,2,1,0.093,0.088
02 Jan 2025 04:07,2,1,0.089,0.085
02 Jan 2025 04:08,2,1,0.090,0.085
02 Jan 2025 04:09,2,1,0.091,0.085
02 Jan 2025 04:10,2,1,0.090,0.084
02 Jan 2025 04:11,2,1,0.090,0.085
02 Jan 2025 04:12,2,1,0.090,0.086
02 Jan 2025 04:13,2,1,0.091,0.085
02 Jan 2025 04:14,2,1,0.088,0.085
02 Jan 2025 04:15,2,1,0.084,0.083
02 Jan 2025 04:16,2,1,0.094,0.086
02 Jan 2025 04:17,2,1,0.088,0.082
02 Jan 2025 04:18,2,1,0.084,0.080
02 Jan 2025 04:19,2,1,0.089,0.084
02 Jan 2025 04:20,2,1,0.093,0.087
02 Jan 2025 04:21,2,1,0.089,0.083
02 Jan 2025 04:22,2,1,0.090,0.084
02 Jan 2025 04:23,2,1,0.089,0.085
02 Jan 2025 04:24,2,1,0.088,0.084
02 Jan 2025 04:25,2,1,0.090,0.084
02 Jan 2025 04:26,2,1,0.093,0.085
02 Jan 2025 04:27,2,1,0.090,0.084
02 Jan 2025 04:28,2,1,0.091,0.085
02 Jan 2025 04:29,2,1,0.086,0.083
02 Jan 2025 04:30,2,1,0.088,0.084
02 Jan 2025 04:31,2,1,0.088,0.083
02 Jan 2025 04:32,2,1,0.086,0.085
02 Jan 2025 04:33,2,1,0.091,0.084
02 Jan 2025 04:34,2,1,0.086,0.083
02 Jan 2025 04:35,2,1,0.089,0.082
02 Jan 2025 04:36,2,1,0.092,0.085
02 Jan 2025 04:37,2,1,0.089,0.083
02 Jan 2025 04:38,2,1,0.087,0.082
02 Jan 2025 04:39,2,1,0.087,0.083
02 Jan 2025 04:40,2,1,0.090,0.084
02 Jan 2025 04:41,2,1,0.086,0.081
02 Jan 2025 04:42,2,1,0.090,0.083
02 Jan 2025 04:43,2,1,0.085,0.083
02 Jan 2025 04:44,2,1,0.083,0.081
02 Jan 2025 04:45,2,1,0.083,0.079
02 Jan 2025 04:46,2,1,0.087,0.083
02 Jan 2025 04:47,2,1,0.088,0.081
02 Jan 2025 04:48,2,1,0.091,0.082
02 Jan 2025 04:49,2,1,0.086,0.081
02 Jan 2025 04:50,2,1,0.083,0.079
02 Jan 2025 04:51,2,1,0.086,0.082
02 Jan 2025 04:52,2,1,0.088,0.080
02 Jan 2025 04:53,2,1,0.084,0.081
02 Jan 2025 04:54,2,1,0.084,0.081
02 Jan 2025 04:55,2,1,0.085,0.080
02 Jan 2025 04:56,2,1,0.082,0.076
02 Jan 2025 04:57,2,1,0.083,0.079
02 Jan 2025 04:58,2,1,0.089,0.081
02 Jan 2025 04:59,2,1,0.087,0.081
02 Jan 2025 05:00,2,1,0.091,0.083
02 Jan 2025 05:01,2,1,0.086,0.080
02 Jan 2025 05:02,2,1,0.083,0.079
02 Jan 2025 05:03,2,1,0.085,0.080
02 Jan 2025 05:04,2,1,0.079,0.077
02 Jan 2025 05:05,2,1,0.087,0.084
02 Jan 2025 05:06,2,1,0.083,0.079
02 Jan 2025 05:07,2,1,0.084,0.080
02 Jan 2025 05:08,2,1,0.086,0.080
02 Jan 2025 05:09,2,1,0.084,0.080
02 Jan 2025 05:10,2,1,0.088,0.078
02 Jan 2025 05:11,2,1,0.083,0.078
02 Jan 2025 05:12,2,1,0.085,0.078
02 Jan 2025 05:13,2,1,0.085,0.081
02 Jan 2025 05:14,2,1,0.081,0.078
02 Jan 2025 05:15,2,1,0.088,0.081
02 Jan 2025 05:16,2,1,0.086,0.079
02 Jan 2025 05:17,2,1,0.079,0.078
02 Jan 2025 05:18,2,1,0.084,0.077
02 Jan 2025 05:19,2,1,0.090,0.081
02 Jan 2025 05:20,2,1,0.084,0.078
02 Jan 2025 05:21,2,1,0.086,0.078
02 Jan 2025 05:22,2,1,0.082,0.077
02 Jan 2025 05:23,2,1,0.081,0.076
02 Jan 2025 05:24,2,1,0.082,0.077
02 Jan 2025 05:25,2,1,0.084,0.078
02 Jan 2025 05:26,2,1,0.078,0.074
02 Jan 2025 05:27,2,1,0.085,0.078
02 Jan 2025 05:28,2,1,0.083,0.076
02 Jan 2025 05:29,2,1,0.080,0.076
02 Jan 2025 05:30,2,1,0.082,0.078
02 Jan 2025 05:31,2,1,0.078,0.075
02 Jan 2025 05:32,2,1,0.079,0.076
02 Jan 2025 05:33,2,1,0.083,0.076
02 Jan 2025 05:34,2,1,0.083,0.078
02 Jan 2025 05:35,2,1,0.078,0.075
02 Jan 2025 05:36,2,1,0.083,0.077
02 Jan 2025 05:37,2,1,0.080,0.076
02 Jan 2025 05:38,2,1,0.079,0.076
02 Jan 2025 05:39,2,1,0.079,0.077
02 Jan 2025 05:40,2,1,0.080,0.075
02 Jan 2025 05:41,2,1,0.078,0.075
02 Jan 2025 05:42,2,1,0.077,0.073
02 Jan 2025 05:43,2,1,0.079,0.076
02 Jan 2025 05:44,2,1,0.077,0.074
02 Jan 2025 05:45,2,1,0.075,0.071
02 Jan 2025 05:46,2,1,0.075,0.074
02 Jan 2025 05:47,2,1,0.078,0.076
02 Jan 2025 05:48,2,1,0.078,0.074
02 Jan 2025 05:49,2,1,0.081,0.074
02 Jan 2025 05:50,2,1,0.076,0.072
02 Jan 2025 05:51,2,1,0.076,0.073
02 Jan 2025 05:52,2,1,0.075,0.071
02 Jan 2025 05:53,2,1,0.077,0.075
02 Jan 2025 05:54,2,1,0.077,0.072
02 Jan 2025 05:55,2,1,0.073,0.070
02 Jan 2025 05:56,2,1,0.075,0.071
02 Jan 2025 05:57,2,1,0.077,0.073
02 Jan 2025 05:58,2,1,0.074,0.071
02 Jan 2025 05:59,2,1,0.081,0.073
02 Jan 2025 06:00,2,1,0.075,0.070
02 Jan 2025 06:01,2,1,0.076,0.071
02 Jan 2025 06:02,2,1,0.076,0.069
02 Jan 2025 06:03,2,1,0.080,0.070
02 Jan 2025 06:04,2,1,0.077,0.073
02 Jan 2025 06:05,2,1,0.075,0.070
02 Jan 2025 06:06,2,1,0.075,0.071
02 Jan 2025 06:07,2,1,0.073,0.071
02 Jan 2025 06:08,2,1,0.078,0.072
02 Jan 2025 06:09,2,1,0.074,0.069
02 Jan 2025 06:10,2,1,0.074,0.070
02 Jan 2025 06:11,2,1,0.073,0.069
02 Jan 2025 06:12,2,1,0.074,0.069
02 Jan 2025 06:13,2,1,0.074,0.069
02 Jan 2025 06:14,2,1,0.071,0.068
02 Jan 2025 06:15,2,1,0.075,0.073
02 Jan 2025 06:16,2,1,0.073,0.070
02 Jan 2025 06:17,2,1,0.068,0.069
02 Jan 2025 06:18,2,1,0.073,0.069
02 Jan 2025 06:19,2,1,0.070,0.069
02 Jan 2025 06:20,2,1,0.073,0.070
02 Jan 2025 06:21,2,1,0.070,0.068
02 Jan 2025 06:22,2,1,0.073,0.069
02 Jan 2025 06:23,2,1,0.071,0.068
02 Jan 2025 06:24,2,1,0.072,0.068
02 Jan 2025 06:25,2,1,0.074,0.070
02 Jan 2025 06:26,2,1,0.072,0.068
02 Jan 2025 06:27,2,1,0.074,0.070
02 Jan 2025 06:28,2,1,0.067,0.066
02 Jan 2025 06:29,2,1,0.069,0.068
02 Jan 2025 06:30,2,1,0.074,0.071
02 Jan 2025 06:31,2,1,0.071,0.068
02 Jan 2025 06:32,2,1,0.072,0.069
02 Jan 2025 06:33,2,1,0.070,0.068
02 Jan 2025 06:34,2,1,0.072,0.068
02 Jan 2025 06:35,2,1,0.071,0.066
02 Jan 2025 06:36,2,1,0.070,0.067
02 Jan 2025 06:37,2,1,0.069,0.066
02 Jan 2025 06:38,2,1,0.070,0.066
02 Jan 2025 06:39,2,1,0.072,0.066
02 Jan 2025 06:40,2,1,0.069,0.065
02 Jan 2025 06:41,2,1,0.069,0.067
02 Jan 2025 06:42,2,1,0.068,0.066
02 Jan 2025 06:43,2,1,0.072,0.066
02 Jan 2025 06:44,2,1,0.067,0.065
02 Jan 2025 06:45,2,1,0.067,0.064
02 Jan 2025 06:46,2,1,0.069,0.064
02 Jan 2025 06:47,2,1,0.069,0.065
02 Jan 2025 06:48,2,1,0.070,0.064
02 Jan 2025 06:49,2,1,0.069,0.065
02 Jan 2025 06:50,2,1,0.067,0.066
02 Jan 2025 06:51,2,1,0.069,0.065
02 Jan 2025 06:52,2,1,0.069,0.064
02 Jan 2025 06:53,2,1,0.069,0.064
02 Jan 2025 06:54,2,1,0.068,0.063
02 Jan 2025 06:55,2,1,0.067,0.065
02 Jan 2025 06:56,2,1,0.068,0.065
02 Jan 2025 06:57,2,1,0.069,0.064
02 Jan 2025 06:58,2,1,0.066,0.062
02 Jan 2025 06:59,2,1,0.070,0.064
02 Jan 2025 07:00,2,1,0.068,0.064
02 Jan 2025 07:01,2,1,0.064,0.062
02 Jan 2025 07:02,2,1,0.066,0.064
02 Jan 2025 07:03,2,1,0.067,0.063
02 Jan 2025 07:04,2,1,0.066,0.064
02 Jan 2025 07:05,2,1,0.066,0.061
02 Jan 2025 07:06,2,1,0.069,0.063
02 Jan 2025 07:07,2,1,0.068,0.063
02 Jan 2025 07:08,2,1,0.067,0.063
02 Jan 2025 07:09,2,1,0.068,0.065
02 Jan 2025 07:10,2,1,0.066,0.064
02 Jan 2025 07:11,2,1,0.068,0.064
02 Jan 2025 07:12,2,1,0.070,0.064
02 Jan 2025 07:13,2,1,0.065,0.062
02 Jan 2025 07:14,2,1,0.068,0.063
02 Jan 2025 07:15,2,1,0.067,0.063
02 Jan 2025 07:16,2,1,0.066,0.063
02 Jan 2025 07:17,2,1,0.064,0.062
02 Jan 2025 07:18,2,1,0.063,0.059
02 Jan 2025 07:19,2,1,0.065,0.062
02 Jan 2025 07:20,2,1,0.065,0.062
02 Jan 2025 07:21,2,1,0.068,0.062
02 Jan 2025 07:22,2,1,0.065,0.061
02 Jan 2025 07:23,2,1,0.066,0.061
02 Jan 2025 07:24,2,1,0.065,0.060
02 Jan 2025 07:25,2,1,0.071,0.064
02 Jan 2025 07:26,2,1,0.062,0.060
02 Jan 2025 07:27,2,1,0.066,0.062
02 Jan 2025 07:28,2,1,0.064,0.060
02 Jan 2025 07:29,2,1,0.065,0.061
02 Jan 2025 07:30,2,1,0.064,0.061
02 Jan 2025 07:31,2,1,0.064,0.059
02 Jan 2025 07:32,2,1,0.070,0.063
02 Jan 2025 07:33,2,1,0.065,0.061
02 Jan 2025 07:34,2,1,0.062,0.059
02 Jan 2025 07:35,2,1,0.067,0.062
02 Jan 2025 07:36,2,1,0.065,0.060
02 Jan 2025 07:37,2,1,0.065,0.060
02 Jan 2025 07:38,2,1,0.065,0.062
02 Jan 2025 07:39,2,1,0.064,0.061
02 Jan 2025 07:40,2,1,0.069,0.061
02 Jan 2025 07:41,2,1,0.067,0.061
02 Jan 2025 07:42,2,1,0.068,0.062
02 Jan 2025 07:43,2,1,0.068,0.061
02 Jan 2025 07:44,2,1,0.069,0.061
02 Jan 2025 07:45,2,1,0.064,0.061
02 Jan 2025 07:46,2,1,0.065,0.059
02 Jan 2025 07:47,2,1,0.060,0.059
02 Jan 2025 07:48,2,1,0.069,0.061
02 Jan 2025 07:49,2,1,0.063,0.061
02 Jan 2025 07:50,2,1,0.067,0.061
02 Jan 2025 07:51,2,1,0.066,0.061
02 Jan 2025 07:52,2,1,0.072,0.062
02 Jan 2025 07:53,2,1,0.066,0.058
02 Jan 2025 07:54,2,1,0.065,0.060
02 Jan 2025 07:55,2,1,0.064,0.061
02 Jan 2025 07:56,2,1,0.069,0.063
02 Jan 2025 07:57,2,1,0.062,0.058
02 Jan 2025 07:58,2,1,0.064,0.058
02 Jan 2025 07:59,2,1,0.065,0.061
02 Jan 2025 08:00,2,1,0.069,0.061
02 Jan 2025 08:01,2,1,0.068,0.061
02 Jan 2025 08:02,2,1,0.066,0.060
02 Jan 2025 08:03,2,1,0.066,0.060
02 Jan 2025 08:04,2,1,0.065,0.060
02 Jan 2025 08:05,2,1,0.068,0.061
02 Jan 2025 08:06,2,1,0.066,0.059
02 Jan 2025 08:07,2,1,0.065,0.059
02 Jan 2025 08:08,2,1,0.069,0.063
02 Jan 2025 08:09,2,1,0.062,0.060
02 Jan 2025 08:10,2,1,0.062,0.059
02 Jan 2025 08:11,2,1,0.065,0.061
02 Jan 2025 08:12,2,1,0.069,0.061
02 Jan 2025 08:13,2,1,0.072,0.061
02 Jan 2025 08:14,2,1,0.066,0.061
02 Jan 2025 08:15,2,1,0.073,0.062
02 Jan 2025 08:16,2,1,0.064,0.061
02 Jan 2025 08:17,2,1,0.068,0.063
02 Jan 2025 08:18,2,1,0.074,0.065
02 Jan 2025 08:19,2,1,0.067,0.061
02 Jan 2025 08:20,2,1,0.068,0.063
02 Jan 2025 08:21,2,1,0.067,0.060
02 Jan 2025 08:22,2,1,0.071,0.061
02 Jan 2025 08:23,2,1,0.067,0.061
02 Jan 2025 08:24,2,1,0.071,0.060
02 Jan 2025 08:25,2,1,0.070,0.060
02 Jan 2025 08:26,2,1,0.062,0.059
02 Jan 2025 08:27,2,1,0.069,0.063
02 Jan 2025 08:28,2,1,0.070,0.062
02 Jan 2025 08:29,2,1,0.067,0.060
02 Jan 2025 08:30,2,1,0.068,0.061
02 Jan 2025 08:31,2,1,0.068,0.061
02 Jan 2025 08:32,2,1,0.071,0.063
02 Jan 2025 08:33,2,1,0.069,0.064
02 Jan 2025 08:34,2,1,0.072,0.063
02 Jan 2025 08:35,2,1,0.069,0.064
02 Jan 2025 08:36,2,1,0.068,0.063
02 Jan 2025 08:37,2,1,0.068,0.062
02 Jan 2025 08:38,2,1,0.074,0.064
02 Jan 2025 08:39,2,1,0.069,0.062
02 Jan 2025 08:40,2,1,0.074,0.064
02 Jan 2025 08:41,2,1,0.071,0.063
02 Jan 2025 08:42,2,1,0.072,0.063
02 Jan 2025 08:43,2,1,0.071,0.061
02 Jan 2025 08:44,2,1,0.071,0.064
02 Jan 2025 08:45,2,1,0.072,0.064
02 Jan 2025 08:46,2,1,0.075,0.064
02 Jan 2025 08:47,2,1,0.071,0.062
02 Jan 2025 08:48,2,1,0.071,0.062
02 Jan 2025 08:49,2,1,0.073,0.063
02 Jan 2025 08:50,2,1,0.073,0.062
02 Jan 2025 08:51,2,1,0.066,0.059
02 Jan 2025 08:52,2,1,0.070,0.062
02 Jan 2025 08:53,2,1,0.072,0.063
02 Jan 2025 08:54,2,1,0.069,0.062
02 Jan 2025 08:55,2,1,0.069,0.061
02 Jan 2025 08:56,2,1,0.073,0.062
02 Jan 2025 08:57,2,1,0.075,0.061
02 Jan 2025 08:58,2,1,0.076,0.062
02 Jan 2025 08:59,2,1,0.069,0.062
02 Jan 2025 09:00,2,1,0.069,0.062
02 Jan 2025 09:01,2,1,0.071,0.061
02 Jan 2025 09:02,2,1,0.073,0.063
02 Jan 2025 09:03,2,1,0.069,0.062
02 Jan 2025 09:04,2,1,0.072,0.064
02 Jan 2025 09:05,2,1,0.068,0.062
02 Jan 2025 09:06,2,1,0.077,0.063
02 Jan 2025 09:07,2,1,0.077,0.064
02 Jan 2025 09:08,2,1,0.071,0.062
02 Jan 2025 09:09,2,1,0.071,0.061
02 Jan 2025 09:10,2,1,0.069,0.061
02 Jan 2025 09:11,2,1,0.071,0.063
02 Jan 2025 09:12,2,1,0.075,0.061
02 Jan 2025 09:13,2,1,0.079,0.064
02 Jan 2025 09:14,2,1,0.070,0.060
02 Jan 2025 09:15,2,1,0.074,0.063
02 Jan 2025 09:16,2,1,0.069,0.061
02 Jan 2025 09:17,2,1,0.076,0.064
02 Jan 2025 09:18,2,1,0.070,0.062
02 Jan 2025 09:19,2,1,0.074,0.063
02 Jan 2025 09:20,2,1,0.073,0.062
02 Jan 2025 09:21,2,1,0.075,0.063
02 Jan 2025 09:22,2,1,0.071,0.064
02 Jan 2025 09:23,2,1,0.070,0.060
02 Jan 2025 09:24,2,1,0.074,0.062
02 Jan 2025 09:25,2,1,0.072,0.061
02 Jan 2025 09:26,2,1,0.074,0.064
02 Jan 2025 09:27,2,1,0.074,0.061
02 Jan 2025 09:28,2,1,0.073,0.064
02 Jan 2025 09:29,2,1,0.074,0.063
02 Jan 2025 09:30,2,1,0.076,0.064
02 Jan 2025 09:31,2,1,0.069,0.060
02 Jan 2025 09:32,2,1,0.071,0.063
02 Jan 2025 09:33,2,1,0.071,0.064
02 Jan 2025 09:34,2,1,0.071,0.062
02 Jan 2025 09:35,2,1,0.071,0.062
02 Jan 2025 09:36,2,1,0.072,0.063
02 Jan 2025 09:37,2,1,0.076,0.063
02 Jan 2025 09:38,2,1,0.076,0.062
02 Jan 2025 09:39,2,1,0.071,0.063
02 Jan 2025 09:40,2,1,0.072,0.061
02 Jan 2025 09:41,2,1,0.071,0.060
02 Jan 2025 09:42,2,1,0.074,0.065
02 Jan 2025 09:43,2,1,0.073,0.062
02 Jan 2025 09:44,2,1,0.069,0.061
02 Jan 2025 09:45,2,1,0.074,0.062
02 Jan 2025 09:46,2,1,0.071,0.062
02 Jan 2025 09:47,2,1,0.070,0.062
02 Jan 2025 09:48,2,1,0.069,0.059
02 Jan 2025 09:49,2,1,0.072,0.062
02 Jan 2025 09:50,2,1,0.071,0.062
02 Jan 2025 09:51,2,1,0.072,0.060
02 Jan 2025 09:52,2,1,0.071,0.061
02 Jan 2025 09:53,2,1,0.070,0.062
02 Jan 2025 09:54,2,1,0.070,0.059
02 Jan 2025 09:55,2,1,0.072,0.061
02 Jan 2025 09:56,2,1,0.069,0.062
02 Jan 2025 09:57,2,1,0.070,0.060
02 Jan 2025 09:58,2,1,0.072,0.061
02 Jan 2025 09:59,2,1,0.066,0.060
02 Jan 2025 10:00,2,1,0.070,0.060
02 Jan 2025 10:01,2,1,0.070,0.059
02 Jan 2025 10:02,2,1,0.068,0.061
02 Jan 2025 10:03,2,1,0.068,0.059
02 Jan 2025 10:04,2,1,0.067,0.060
02 Jan 2025 10:05,2,1,0.069,0.059
02 Jan 2025 10:06,2,1,0.067,0.058
02 Jan 2025 10:07,2,1,0.067,0.059
02 Jan 2025 10:08,2,1,0.067,0.058
02 Jan 2025 10:09,2,1,0.066,0.058
02 Jan 2025 10:10,2,1,0.073,0.059
02 Jan 2025 10:11,2,1,0.069,0.058
02 Jan 2025 10:12,2,1,0.063,0.056
02 Jan 2025 10:13,2,1,0.068,0.057
02 Jan 2025 10:14,2,1,0.067,0.058
02 Jan 2025 10:15,2,1,0.065,0.057
02 Jan 2025 10:16,2,1,0.064,0.058
02 Jan 2025 10:17,2,1,0.068,0.057
02 Jan 2025 10:18,2,1,0.070,0.059
02 Jan 2025 10:19,2,1,0.066,0.056
02 Jan 2025 10:20,2,1,0.065,0.056
02 Jan 2025 10:21,2,1,0.062,0.056
02 Jan 2025 10:22,2,1,0.059,0.055
02 Jan 2025 10:23,2,1,0.068,0.055
02 Jan 2025 10:24,2,1,0.065,0.055
02 Jan 2025 10:25,2,1,0.070,0.058
02 Jan 2025 10:26,2,1,0.070,0.056
02 Jan 2025 10:27,2,1,0.067,0.056
02 Jan 2025 10:28,2,1,0.067,0.057
02 Jan 2025 10:29,2,1,0.064,0.056
02 Jan 2025 10:30,2,1,0.067,0.056
02 Jan 2025 10:31,2,1,0.065,0.055
02 Jan 2025 10:32,2,1,0.065,0.055
02 Jan 2025 10:33,2,1,0.063,0.054
02 Jan 2025 10:34,2,1,0.064,0.054
02 Jan 2025 10:35,2,1,0.062,0.054
02 Jan 2025 10:36,2,1,0.063,0.053
02 Jan 2025 10:37,2,1,0.062,0.055
02 Jan 2025 10:38,2,1,0.062,0.054
02 Jan 2025 10:39,2,1,0.063,0.054
02 Jan 2025 10:40,2,1,0.066,0.054
02 Jan 2025 10:41,2,1,0.064,0.053
02 Jan 2025 10:42,2,1,0.065,0.055
02 Jan 2025 10:43,2,1,0.062,0.055
02 Jan 2025 10:44,2,1,0.059,0.052
02 Jan 2025 10:45,2,1,0.061,0.055
02 Jan 2025 10:46,2,1,0.066,0.054
02 Jan 2025 10:47,2,1,0.061,0.052
02 Jan 2025 10:48,2,1,0.065,0.054
02 Jan 2025 10:49,2,1,0.059,0.051
02 Jan 2025 10:50,2,1,0.068,0.053
02 Jan 2025 10:51,2,1,0.061,0.053
02 Jan 2025 10:52,2,1,0.066,0.053
02 Jan 2025 10:53,2,1,0.059,0.052
02 Jan 2025 10:54,2,1,0.060,0.051
02 Jan 2025 10:55,2,1,0.060,0.050
02 Jan 2025 10:56,2,1,0.061,0.051
02 Jan 2025 10:57,2,1,0.063,0.052
02 Jan 2025 10:58,2,1,0.061,0.053
02 Jan 2025 10:59,2,1,0.062,0.052
02 Jan 2025 11:00,2,1,0.059,0.050
02 Jan 2025 11:01,2,1,0.060,0.052
02 Jan 2025 11:02,2,1,0.063,0.051
02 Jan 2025 11:03,2,1,0.059,0.050
02 Jan 2025 11:04,2,1,0.062,0.049
02 Jan 2025 11:05,2,1,0.061,0.050
02 Jan 2025 11:06,2,1,0.061,0.050
02 Jan 2025 11:07,2,1,0.059,0.048
02 Jan 2025 11:08,2,1,0.047,0.040
02 Jan 2025 11:09,2,1,0.061,0.050
02 Jan 2025 11:10,2,1,0.067,0.051
02 Jan 2025 11:11,2,1,0.070,0.051
02 Jan 2025 11:12,2,1,0.061,0.050
02 Jan 2025 11:13,2,1,0.065,0.049
02 Jan 2025 11:14,2,1,0.061,0.049
02 Jan 2025 11:15,2,1,0.061,0.049
02 Jan 2025 11:16,2,1,0.069,0.049
02 Jan 2025 11:17,2,1,0.064,0.048
02 Jan 2025 11:18,2,1,0.060,0.047
02 Jan 2025 11:19,2,1,0.062,0.048
02 Jan 2025 11:20,2,1,0.065,0.048
02 Jan 2025 11:21,2,1,0.069,0.048
02 Jan 2025 11:22,2,1,0.061,0.048
02 Jan 2025 11:23,2,1,0.076,0.048
02 Jan 2025 11:24,2,1,0.084,0.049
02 Jan 2025 11:25,2,1,0.074,0.049
02 Jan 2025 11:26,2,1,0.075,0.048
02 Jan 2025 11:27,2,1,0.074,0.047
02 Jan 2025 11:28,2,1,0.074,0.049
02 Jan 2025 11:29,2,1,0.069,0.048
02 Jan 2025 11:30,2,1,0.070,0.047
02 Jan 2025 11:31,2,1,0.069,0.047
02 Jan 2025 11:32,2,1,0.078,0.048
02 Jan 2025 11:33,2,1,0.069,0.046
02 Jan 2025 11:34,2,1,0.068,0.047
02 Jan 2025 11:35,2,1,0.074,0.046
02 Jan 2025 11:36,2,1,0.077,0.047
02 Jan 2025 11:37,2,1,0.070,0.044
02 Jan 2025 11:38,2,1,0.064,0.046
02 Jan 2025 11:39,2,1,0.072,0.046
02 Jan 2025 11:40,2,1,0.071,0.046
02 Jan 2025 11:41,2,1,0.064,0.045
02 Jan 2025 11:42,2,1,0.069,0.046
02 Jan 2025 11:43,2,1,0.073,0.045
02 Jan 2025 11:44,2,1,0.068,0.044
02 Jan 2025 11:45,2,1,0.068,0.045
02 Jan 2025 11:46,2,1,0.074,0.044
02 Jan 2025 11:47,2,1,0.064,0.042
02 Jan 2025 11:48,2,1,0.069,0.044
02 Jan 2025 11:49,2,1,0.064,0.042
02 Jan 2025 11:50,2,1,0.064,0.042
02 Jan 2025 11:51,2,1,0.069,0.043
02 Jan 2025 11:52,2,1,0.061,0.043
02 Jan 2025 11:53,2,1,0.058,0.040
02 Jan 2025 11:54,2,1,0.059,0.041
02 Jan 2025 11:55,2,1,0.056,0.041
02 Jan 2025 11:56,2,1,0.061,0.042
02 Jan 2025 11:57,2,1,0.062,0.043
02 Jan 2025 11:58,2,1,0.066,0.041
02 Jan 2025 11:59,2,1,0.062,0.041
02 Jan 2025 12:00,2,1,0.058,0.041
02 Jan 2025 12:01,2,1,0.051,0.039
02 Jan 2025 12:02,2,1,0.059,0.040
02 Jan 2025 12:03,2,1,0.055,0.039
02 Jan 2025 12:04,2,1,0.054,0.038
02 Jan 2025 12:05,2,1,0.050,0.037
02 Jan 2025 12:06,2,1,0.053,0.040
02 Jan 2025 12:07,2,1,0.057,0.039
02 Jan 2025 12:08,2,1,0.053,0.039
02 Jan 2025 12:09,2,1,0.058,0.040
02 Jan 2025 12:10,2,1,0.055,0.039
02 Jan 2025 12:11,2,1,0.055,0.039
02 Jan 2025 12:12,2,1,0.053,0.039
02 Jan 2025 12:13,2,1,0.054,0.040
02 Jan 2025 12:14,2,1,0.050,0.037
02 Jan 2025 12:15,2,1,0.047,0.037
02 Jan 2025 12:16,2,1,0.058,0.041
02 Jan 2025 12:17,2,1,0.054,0.040
02 Jan 2025 12:18,2,1,0.053,0.037
02 Jan 2025 12:19,2,1,0.053,0.038
02 Jan 2025 12:20,2,1,0.050,0.038
02 Jan 2025 12:21,2,1,0.049,0.037
02 Jan 2025 12:22,2,1,0.052,0.036
02 Jan 2025 12:23,2,1,0.048,0.037
02 Jan 2025 12:24,2,1,0.052,0.037
02 Jan 2025 12:25,2,1,0.051,0.037
02 Jan 2025 12:26,2,1,0.049,0.038
02 Jan 2025 12:27,2,1,0.055,0.037
02 Jan 2025 12:28,2,1,0.050,0.037
02 Jan 2025 12:29,2,1,0.048,0.036
02 Jan 2025 12:30,2,1,0.049,0.037
02 Jan 2025 12:31,2,1,0.049,0.037
02 Jan 2025 12:32,2,1,0.052,0.037
02 Jan 2025 12:33,2,1,0.047,0.037
02 Jan 2025 12:34,2,1,0.047,0.036
02 Jan 2025 12:35,2,1,0.047,0.037
02 Jan 2025 12:36,2,1,0.051,0.038
02 Jan 2025 12:37,2,1,0.050,0.036
02 Jan 2025 12:38,2,1,0.048,0.039
02 Jan 2025 12:39,2,1,0.046,0.036
02 Jan 2025 12:40,2,1,0.048,0.037
02 Jan 2025 12:41,2,1,0.046,0.035
02 Jan 2025 12:42,2,1,0.047,0.038
02 Jan 2025 12:43,2,1,0.045,0.035
02 Jan 2025 12:44,2,1,0.045,0.036
02 Jan 2025 12:45,2,1,0.046,0.036
02 Jan 2025 12:46,2,1,0.046,0.036
02 Jan 2025 12:47,2,1,0.050,0.035
02 Jan 2025 12:48,2,1,0.043,0.036
02 Jan 2025 12:49,2,1,0.046,0.036
02 Jan 2025 12:50,2,1,0.047,0.036
02 Jan 2025 12:51,2,1,0.044,0.036
02 Jan 2025 12:52,2,1,0.044,0.036
02 Jan 2025 12:53,2,1,0.048,0.036
02 Jan 2025 12:54,2,1,0.042,0.036
02 Jan 2025 12:55,2,1,0.043,0.035
02 Jan 2025 12:56,2,1,0.047,0.036
02 Jan 2025 12:57,2,1,0.043,0.037
02 Jan 2025 12:58,2,1,0.045,0.035
02 Jan 2025 12:59,2,1,0.042,0.036
02 Jan 2025 13:00,2,1,0.046,0.035
02 Jan 2025 13:01,2,1,0.043,0.035
02 Jan 2025 13:02,2,1,0.041,0.033
02 Jan 2025 13:03,2,1,0.051,0.034
02 Jan 2025 13:04,2,1,0.040,0.035
02 Jan 2025 13:05,2,1,0.042,0.035
02 Jan 2025 13:06,2,1,0.047,0.035
02 Jan 2025 13:07,2,1,0.041,0.035
02 Jan 2025 13:08,2,1,0.047,0.035
02 Jan 2025 13:09,2,1,0.043,0.035
02 Jan 2025 13:10,2,1,0.043,0.036
02 Jan 2025 13:11,2,1,0.044,0.033
02 Jan 2025 13:12,2,1,0.043,0.034
02 Jan 2025 13:13,2,1,0.044,0.036
02 Jan 2025 13:14,2,1,0.042,0.035
02 Jan 2025 13:15,2,1,0.040,0.034
02 Jan 2025 13:16,2,1,0.039,0.034
02 Jan 2025 13:17,2,1,0.047,0.035
02 Jan 2025 13:18,2,1,0.047,0.035
02 Jan 2025 13:19,2,1,0.044,0.035
02 Jan 2025 13:20,2,1,0.044,0.036
02 Jan 2025 13:21,2,1,0.044,0.035
02 Jan 2025 13:22,2,1,0.042,0.035
02 Jan 2025 13:23,2,1,0.042,0.035
02 Jan 2025 13:24,2,1,0.044,0.035
02 Jan 2025 13:25,2,1,0.046,0.035
02 Jan 2025 13:26,2,1,0.042,0.033
02 Jan 2025 13:27,2,1,0.039,0.034
02 Jan 2025 13:28,2,1,0.043,0.034
02 Jan 2025 13:29,2,1,0.043,0.035
02 Jan 2025 13:30,2,1,0.046,0.037
02 Jan 2025 13:31,2,1,0.040,0.033
02 Jan 2025 13:32,2,1,0.040,0.035
02 Jan 2025 13:33,2,1,0.041,0.033
02 Jan 2025 13:34,2,1,0.039,0.034
02 Jan 2025 13:35,2,1,0.040,0.034
02 Jan 2025 13:36,2,1,0.046,0.035
02 Jan 2025 13:37,2,1,0.041,0.035
02 Jan 2025 13:38,2,1,0.037,0.032
02 Jan 2025 13:39,2,1,0.040,0.033
02 Jan 2025 13:40,2,1,0.040,0.035
02 Jan 2025 13:41,2,1,0.040,0.035
02 Jan 2025 13:42,2,1,0.045,0.033
02 Jan 2025 13:43,2,1,0.041,0.033
02 Jan 2025 13:44,2,1,0.041,0.033
02 Jan 2025 13:45,2,1,0.041,0.033
02 Jan 2025 13:46,2,1,0.040,0.033
02 Jan 2025 13:47,2,1,0.042,0.034
02 Jan 2025 13:48,2,1,0.040,0.034
02 Jan 2025 13:49,2,1,0.042,0.033
02 Jan 2025 13:50,2,1,0.043,0.034
02 Jan 2025 13:51,2,1,0.040,0.033
02 Jan 2025 13:52,2,1,0.040,0.033
02 Jan 2025 13:53,2,1,0.034,0.032
02 Jan 2025 13:54,2,1,0.038,0.032
02 Jan 2025 13:55,2,1,0.037,0.033
02 Jan 2025 13:56,2,1,0.042,0.033
02 Jan 2025 13:57,2,1,0.037,0.032
02 Jan 2025 13:58,2,1,0.039,0.033
02 Jan 2025 13:59,2,1,0.039,0.033
02 Jan 2025 14:00,2,1,0.038,0.033
02 Jan 2025 14:01,2,1,0.036,0.031
02 Jan 2025 14:02,2,1,0.041,0.032
02 Jan 2025 14:03,2,1,0.039,0.032
02 Jan 2025 14:04,2,1,0.038,0.032
02 Jan 2025 14:05,2,1,0.038,0.032
02 Jan 2025 14:06,2,1,0.040,0.034
02 Jan 2025 14:07,2,1,0.041,0.032
02 Jan 2025 14:08,2,1,0.039,0.033
02 Jan 2025 14:09,2,1,0.039,0.033
02 Jan 2025 14:10,2,1,0.042,0.033
02 Jan 2025 14:11,2,1,0.038,0.031
02 Jan 2025 14:12,2,1,0.039,0.032
02 Jan 2025 14:13,2,1,0.039,0.033
02 Jan 2025 14:14,2,1,0.033,0.031
02 Jan 2025 14:15,2,1,0.039,0.032
02 Jan 2025 14:16,2,1,0.037,0.031
02 Jan 2025 14:17,2,1,0.037,0.032
02 Jan 2025 14:18,2,1,0.039,0.032
02 Jan 2025 14:19,2,1,0.038,0.030
02 Jan 2025 14:20,2,1,0.035,0.031
02 Jan 2025 14:21,2,1,0.037,0.031
02 Jan 2025 14:22,2,1,0.036,0.032
02 Jan 2025 14:23,2,1,0.036,0.032
02 Jan 2025 14:24,2,1,0.037,0.032
02 Jan 2025 14:25,2,1,0.041,0.033
02 Jan 2025 14:26,2,1,0.037,0.032
02 Jan 2025 14:27,2,1,0.041,0.032
02 Jan 2025 14:28,2,1,0.040,0.032
02 Jan 2025 14:29,2,1,0.036,0.031
02 Jan 2025 14:30,2,1,0.038,0.032
02 Jan 2025 14:31,2,1,0.040,0.031
02 Jan 2025 14:32,2,1,0.035,0.031
02 Jan 2025 14:33,2,1,0.039,0.032
02 Jan 2025 14:34,2,1,0.039,0.032
02 Jan 2025 14:35,2,1,0.036,0.031
02 Jan 2025 14:36,2,1,0.038,0.031
02 Jan 2025 14:37,2,1,0.033,0.031
02 Jan 2025 14:38,2,1,0.039,0.031
02 Jan 2025 14:39,2,1,0.035,0.031
02 Jan 2025 14:40,2,1,0.036,0.031
02 Jan 2025 14:41,2,1,0.035,0.031
02 Jan 2025 14:42,2,1,0.039,0.032
02 Jan 2025 14:43,2,1,0.036,0.031
02 Jan 2025 14:44,2,1,0.035,0.031
02 Jan 2025 14:45,2,1,0.037,0.031
02 Jan 2025 14:46,2,1,0.034,0.031
02 Jan 2025 14:47,2,1,0.035,0.030
02 Jan 2025 14:48,2,1,0.038,0.031
02 Jan 2025 14:49,2,1,0.035,0.030
02 Jan 2025 14:50,2,1,0.036,0.031
02 Jan 2025 14:51,2,1,0.038,0.030
02 Jan 2025 14:52,2,1,0.033,0.031
02 Jan 2025 14:53,2,1,0.037,0.031
02 Jan 2025 14:54,2,1,0.036,0.030
02 Jan 2025 14:55,2,1,0.034,0.030
02 Jan 2025 14:56,2,1,0.036,0.030
02 Jan 2025 14:57,2,1,0.032,0.030
02 Jan 2025 14:58,2,1,0.038,0.032
02 Jan 2025 14:59,2,1,0.036,0.030
02 Jan 2025 15:00,2,1,0.034,0.029
02 Jan 2025 15:01,2,1,0.036,0.031
02 Jan 2025 15:02,2,1,0.036,0.031
02 Jan 2025 15:03,2,1,0.033,0.029
02 Jan 2025 15:04,2,1,0.036,0.031
02 Jan 2025 15:05,2,1,0.039,0.031
02 Jan 2025 15:06,2,1,0.036,0.031
02 Jan 2025 15:07,2,1,0.035,0.029
02 Jan 2025 15:08,2,1,0.035,0.032
02 Jan 2025 15:09,2,1,0.033,0.031
02 Jan 2025 15:10,2,1,0.035,0.030
02 Jan 2025 15:11,2,1,0.038,0.031
02 Jan 2025 15:12,2,1,0.035,0.031
02 Jan 2025 15:13,2,1,0.038,0.030
02 Jan 2025 15:14,2,1,0.036,0.030
02 Jan 2025 15:15,2,1,0.037,0.031
02 Jan 2025 15:16,2,1,0.035,0.031
02 Jan 2025 15:17,2,1,0.038,0.030
02 Jan 2025 15:18,2,1,0.033,0.030
02 Jan 2025 15:19,2,1,0.035,0.030
02 Jan 2025 15:20,2,1,0.037,0.032
02 Jan 2025 15:21,2,1,0.033,0.029
02 Jan 2025 15:22,2,1,0.036,0.031
02 Jan 2025 15:23,2,1,0.031,0.030
02 Jan 2025 15:24,2,1,0.033,0.029
02 Jan 2025 15:25,2,1,0.034,0.030
02 Jan 2025 15:26,2,1,0.034,0.030
02 Jan 2025 15:27,2,1,0.031,0.029
02 Jan 2025 15:28,2,1,0.036,0.030
02 Jan 2025 15:29,2,1,0.034,0.029
02 Jan 2025 15:30,2,1,0.034,0.030
02 Jan 2025 15:31,2,1,0.034,0.029
02 Jan 2025 15:32,2,1,0.031,0.028
02 Jan 2025 15:33,2,1,0.035,0.030
02 Jan 2025 15:34,2,1,0.032,0.029
02 Jan 2025 15:35,2,1,0.033,0.030
02 Jan 2025 15:36,2,1,0.035,0.029
02 Jan 2025 15:37,2,1,0.035,0.029
02 Jan 2025 15:38,2,1,0.035,0.029
02 Jan 2025 15:39,2,1,0.032,0.029
02 Jan 2025 15:40,2,1,0.033,0.028
02 Jan 2025 15:41,2,1,0.033,0.028
02 Jan 2025 15:42,2,1,0.032,0.028
02 Jan 2025 15:43,2,1,0.037,0.030
02 Jan 2025 15:44,2,1,0.037,0.030
02 Jan 2025 15:45,2,1,0.037,0.030
02 Jan 2025 15:46,2,1,0.035,0.029
02 Jan 2025 15:47,2,1,0.035,0.030
02 Jan 2025 15:48,2,1,0.033,0.029
02 Jan 2025 15:49,2,1,0.033,0.027
02 Jan 2025 15:50,2,1,0.032,0.029
02 Jan 2025 15:51,2,1,0.035,0.030
02 Jan 2025 15:52,2,1,0.032,0.028
02 Jan 2025 15:53,2,1,0.032,0.028
02 Jan 2025 15:54,2,1,0.036,0.028
02 Jan 2025 15:55,2,1,0.032,0.028
02 Jan 2025 15:56,2,1,0.031,0.029
02 Jan 2025 15:57,2,1,0.031,0.028
02 Jan 2025 15:58,2,1,0.032,0.028
02 Jan 2025 15:59,2,1,0.033,0.028
02 Jan 2025 16:00,2,1,0.030,0.027
02 Jan 2025 16:01,2,1,0.033,0.028
02 Jan 2025 16:02,2,1,0.037,0.029
02 Jan 2025 16:03,2,1,0.034,0.030
02 Jan 2025 16:04,2,1,0.032,0.029
02 Jan 2025 16:05,2,1,0.033,0.027
02 Jan 2025 16:06,2,1,0.034,0.028
02 Jan 2025 16:07,2,1,0.034,0.029
02 Jan 2025 16:08,2,1,0.030,0.027
02 Jan 2025 16:09,2,1,0.033,0.028
02 Jan 2025 16:10,2,1,0.031,0.027
02 Jan 2025 16:11,2,1,0.032,0.028
02 Jan 2025 16:12,2,1,0.032,0.028
02 Jan 2025 16:13,2,1,0.033,0.027
02 Jan 2025 16:14,2,1,0.029,0.026
02 Jan 2025 16:15,2,1,0.032,0.028
02 Jan 2025 16:16,2,1,0.031,0.027
02 Jan 2025 16:17,2,1,0.030,0.026
02 Jan 2025 16:18,2,1,0.033,0.026
02 Jan 2025 16:19,2,1,0.032,0.026
02 Jan 2025 16:20,2,1,0.032,0.027
02 Jan 2025 16:21,2,1,0.033,0.029
02 Jan 2025 16:22,2,1,0.032,0.026
02 Jan 2025 16:23,2,1,0.035,0.027
02 Jan 2025 16:24,2,1,0.031,0.027
02 Jan 2025 16:25,2,1,0.032,0.028
02 Jan 2025 16:26,2,1,0.031,0.025
02 Jan 2025 16:27,2,1,0.031,0.027
02 Jan 2025 16:28,2,1,0.029,0.027
02 Jan 2025 16:29,2,1,0.032,0.027
02 Jan 2025 16:30,2,1,0.030,0.027
02 Jan 2025 16:31,2,1,0.031,0.027
02 Jan 2025 16:32,2,1,0.032,0.028
02 Jan 2025 16:33,2,1,0.032,0.026
02 Jan 2025 16:34,2,1,0.031,0.027
02 Jan 2025 16:35,2,1,0.029,0.026
02 Jan 2025 16:36,2,1,0.031,0.027
02 Jan 2025 16:37,2,1,0.031,0.026
02 Jan 2025 16:38,2,1,0.031,0.025
02 Jan 2025 16:39,2,1,0.030,0.026
02 Jan 2025 16:40,2,1,0.031,0.025
02 Jan 2025 16:41,2,1,0.031,0.026
02 Jan 2025 16:42,2,1,0.032,0.027
02 Jan 2025 16:43,2,1,0.034,0.026
02 Jan 2025 16:44,2,1,0.030,0.026
02 Jan 2025 16:45,2,1,0.030,0.027
02 Jan 2025 16:46,2,1,0.032,0.026
02 Jan 2025 16:47,2,1,0.029,0.026
02 Jan 2025 16:48,2,1,0.031,0.026
02 Jan 2025 16:49,2,1,0.033,0.026
02 Jan 2025 16:50,2,1,0.032,0.026
02 Jan 2025 16:51,2,1,0.029,0.026
02 Jan 2025 16:52,2,1,0.031,0.027
02 Jan 2025 16:53,2,1,0.026,0.025
02 Jan 2025 16:54,2,1,0.028,0.025
02 Jan 2025 16:55,2,1,0.030,0.026
02 Jan 2025 16:56,2,1,0.029,0.025
02 Jan 2025 16:57,2,1,0.029,0.025
02 Jan 2025 16:58,2,1,0.033,0.026
02 Jan 2025 16:59,2,1,0.027,0.025
02 Jan 2025 17:00,2,1,0.030,0.025
02 Jan 2025 17:01,2,1,0.033,0.026
02 Jan 2025 17:02,2,1,0.032,0.027
02 Jan 2025 17:03,2,1,0.032,0.026
02 Jan 2025 17:04,2,1,0.031,0.026
02 Jan 2025 17:05,2,1,0.029,0.025
02 Jan 2025 17:06,2,1,0.029,0.026
02 Jan 2025 17:07,2,1,0.028,0.025
02 Jan 2025 17:08,2,1,0.034,0.026
02 Jan 2025 17:09,2,1,0.029,0.026
02 Jan 2025 17:10,2,1,0.034,0.026
02 Jan 2025 17:11,2,1,0.029,0.026
02 Jan 2025 17:12,2,1,0.030,0.025
02 Jan 2025 17:13,2,1,0.029,0.025
02 Jan 2025 17:14,2,1,0.028,0.025
02 Jan 2025 17:15,2,1,0.029,0.025
02 Jan 2025 17:16,2,1,0.028,0.025
02 Jan 2025 17:17,2,1,0.029,0.026
02 Jan 2025 17:18,2,1,0.028,0.025
02 Jan 2025 17:19,2,1,0.028,0.025
02 Jan 2025 17:20,2,1,0.031,0.025
02 Jan 2025 17:21,2,1,0.028,0.025
02 Jan 2025 17:22,2,1,0.028,0.026
02 Jan 2025 17:23,2,1,0.027,0.024
02 Jan 2025 17:24,2,1,0.030,0.025
02 Jan 2025 17:25,2,1,0.030,0.026
02 Jan 2025 17:26,2,1,0.028,0.024
02 Jan 2025 17:27,2,1,0.033,0.026
02 Jan 2025 17:28,2,1,0.030,0.025
02 Jan 2025 17:29,2,1,0.030,0.026
02 Jan 2025 17:30,2,1,0.028,0.024
02 Jan 2025 17:31,2,1,0.032,0.026
02 Jan 2025 17:32,2,1,0.030,0.025
02 Jan 2025 17:33,2,1,0.028,0.024
02 Jan 2025 17:34,2,1,0.032,0.026
02 Jan 2025 17:35,2,1,0.034,0.026
02 Jan 2025 17:36,2,1,0.031,0.026
02 Jan 2025 17:37,2,1,0.029,0.025
02 Jan 2025 17:38,2,1,0.029,0.024
02 Jan 2025 17:39,2,1,0.029,0.025
02 Jan 2025 17:40,2,1,0.028,0.026
02 Jan 2025 17:41,2,1,0.033,0.026
02 Jan 2025 17:42,2,1,0.028,0.025
02 Jan 2025 17:43,2,1,0.031,0.026
02 Jan 2025 17:44,2,1,0.029,0.024
02 Jan 2025 17:45,2,1,0.031,0.026
02 Jan 2025 17:46,2,1,0.031,0.025
02 Jan 2025 17:47,2,1,0.028,0.025
02 Jan 2025 17:48,2,1,0.026,0.024
02 Jan 2025 17:49,2,1,0.029,0.025
02 Jan 2025 17:50,2,1,0.029,0.025
02 Jan 2025 17:51,2,1,0.029,0.023
02 Jan 2025 17:52,2,1,0.031,0.026
02 Jan 2025 17:53,2,1,0.029,0.025
02 Jan 2025 17:54,2,1,0.028,0.025
02 Jan 2025 17:55,2,1,0.027,0.023
02 Jan 2025 17:56,2,1,0.030,0.025
02 Jan 2025 17:57,2,1,0.028,0.024
02 Jan 2025 17:58,2,1,0.027,0.024
02 Jan 2025 17:59,2,1,0.028,0.024
02 Jan 2025 18:00,2,1,0.029,0.025
02 Jan 2025 18:01,2,1,0.030,0.025
02 Jan 2025 18:02,2,1,0.029,0.024
02 Jan 2025 18:03,2,1,0.030,0.025
02 Jan 2025 18:04,2,1,0.029,0.024
02 Jan 2025 18:05,2,1,0.030,0.024
02 Jan 2025 18:06,2,1,0.028,0.025
02 Jan 2025 18:07,2,1,0.024,0.024
02 Jan 2025 18:08,2,1,0.027,0.025
02 Jan 2025 18:09,2,1,0.030,0.024
02 Jan 2025 18:10,2,1,0.030,0.025
02 Jan 2025 18:11,2,1,0.032,0.025
02 Jan 2025 18:12,2,1,0.025,0.024
02 Jan 2025 18:13,2,1,0.029,0.025
02 Jan 2025 18:14,2,1,0.026,0.024
02 Jan 2025 18:15,2,1,0.030,0.025
02 Jan 2025 18:16,2,1,0.029,0.025
02 Jan 2025 18:17,2,1,0.028,0.024
02 Jan 2025 18:18,2,1,0.030,0.025
02 Jan 2025 18:19,2,1,0.029,0.025
02 Jan 2025 18:20,2,1,0.032,0.024
02 Jan 2025 18:21,2,1,0.034,0.026
02 Jan 2025 18:22,2,1,0.027,0.024
02 Jan 2025 18:23,2,1,0.034,0.026
02 Jan 2025 18:24,2,1,0.030,0.026
02 Jan 2025 18:25,2,1,0.028,0.025
02 Jan 2025 18:26,2,1,0.026,0.024
02 Jan 2025 18:27,2,1,0.030,0.025
02 Jan 2025 18:28,2,1,0.032,0.025
02 Jan 2025 18:29,2,1,0.030,0.025
02 Jan 2025 18:30,2,1,0.032,0.024
02 Jan 2025 18:31,2,1,0.031,0.026
02 Jan 2025 18:32,2,1,0.031,0.026
02 Jan 2025 18:33,2,1,0.029,0.025
02 Jan 2025 18:34,2,1,0.030,0.025
02 Jan 2025 18:35,2,1,0.033,0.026
02 Jan 2025 18:36,2,1,0.032,0.027
02 Jan 2025 18:37,2,1,0.030,0.026
02 Jan 2025 18:38,2,1,0.029,0.026
02 Jan 2025 18:39,2,1,0.032,0.026
02 Jan 2025 18:40,2,1,0.031,0.027
02 Jan 2025 18:41,2,1,0.031,0.026
02 Jan 2025 18:42,2,1,0.029,0.025
02 Jan 2025 18:43,2,1,0.029,0.025
02 Jan 2025 18:44,2,1,0.032,0.026
02 Jan 2025 18:45,2,1,0.031,0.026
02 Jan 2025 18:46,2,1,0.031,0.027
02 Jan 2025 18:47,2,1,0.030,0.026
02 Jan 2025 18:48,2,1,0.031,0.026
02 Jan 2025 18:49,2,1,0.032,0.025
02 Jan 2025 18:50,2,1,0.031,0.027
02 Jan 2025 18:51,2,1,0.031,0.027
02 Jan 2025 18:52,2,1,0.035,0.026
02 Jan 2025 18:53,2,1,0.031,0.026
02 Jan 2025 18:54,2,1,0.032,0.027
02 Jan 2025 18:55,2,1,0.035,0.026
02 Jan 2025 18:56,2,1,0.037,0.029
02 Jan 2025 18:57,2,1,0.034,0.027
02 Jan 2025 18:58,2,1,0.033,0.028
02 Jan 2025 18:59,2,1,0.035,0.027
02 Jan 2025 19:00,2,1,0.034,0.028
02 Jan 2025 19:01,2,1,0.035,0.027
02 Jan 2025 19:02,2,1,0.032,0.029
02 Jan 2025 19:03,2,1,0.034,0.027
02 Jan 2025 19:04,2,1,0.033,0.027
02 Jan 2025 19:05,2,1,0.034,0.028
02 Jan 2025 19:06,2,1,0.032,0.026
02 Jan 2025 19:07,2,1,0.035,0.029
02 Jan 2025 19:08,2,1,0.035,0.028
02 Jan 2025 19:09,2,1,0.033,0.028
02 Jan 2025 19:10,2,1,0.034,0.028
02 Jan 2025 19:11,2,1,0.038,0.030
02 Jan 2025 19:12,2,1,0.036,0.029
02 Jan 2025 19:13,2,1,0.037,0.029
02 Jan 2025 19:14,2,1,0.038,0.029
02 Jan 2025 19:15,2,1,0.039,0.030
02 Jan 2025 19:16,2,1,0.040,0.029
02 Jan 2025 19:17,2,1,0.037,0.029
02 Jan 2025 19:18,2,1,0.041,0.031
02 Jan 2025 19:19,2,1,0.036,0.030
02 Jan 2025 19:20,2,1,0.035,0.028
02 Jan 2025 19:21,2,1,0.036,0.030
02 Jan 2025 19:22,2,1,0.036,0.028
02 Jan 2025 19:23,2,1,0.039,0.028
02 Jan 2025 19:24,2,1,0.041,0.030
02 Jan 2025 19:25,2,1,0.037,0.029
02 Jan 2025 19:26,2,1,0.039,0.028
02 Jan 2025 19:27,2,1,0.039,0.028
02 Jan 2025 19:28,2,1,0.039,0.030
02 Jan 2025 19:29,2,1,0.038,0.029
02 Jan 2025 19:30,2,1,0.035,0.028
02 Jan 2025 19:31,2,1,0.033,0.028
02 Jan 2025 19:32,2,1,0.040,0.030
02 Jan 2025 19:33,2,1,0.036,0.028
02 Jan 2025 19:34,2,1,0.038,0.029
02 Jan 2025 19:35,2,1,0.040,0.030
02 Jan 2025 19:36,2,1,0.036,0.030
02 Jan 2025 19:37,2,1,0.036,0.029
02 Jan 2025 19:38,2,1,0.037,0.030
02 Jan 2025 19:39,2,1,0.038,0.030
02 Jan 2025 19:40,2,1,0.039,0.030
02 Jan 2025 19:41,2,1,0.037,0.029
02 Jan 2025 19:42,2,1,0.039,0.031
02 Jan 2025 19:43,2,1,0.038,0.029
02 Jan 2025 19:44,2,1,0.036,0.029
02 Jan 2025 19:45,2,1,0.038,0.030
02 Jan 2025 19:46,2,1,0.039,0.031
02 Jan 2025 19:47,2,1,0.041,0.030
02 Jan 2025 19:48,2,1,0.039,0.030
02 Jan 2025 19:49,2,1,0.040,0.031
02 Jan 2025 19:50,2,1,0.039,0.031
02 Jan 2025 19:51,2,1,0.038,0.031
02 Jan 2025 19:52,2,1,0.042,0.031
02 Jan 2025 19:53,2,1,0.044,0.032
02 Jan 2025 19:54,2,1,0.044,0.032
02 Jan 2025 19:55,2,1,0.038,0.031
02 Jan 2025 19:56,2,1,0.042,0.032
02 Jan 2025 19:57,2,1,0.042,0.032
02 Jan 2025 19:58,2,1,0.044,0.033
02 Jan 2025 19:59,2,1,0.043,0.031
02 Jan 2025 20:00,2,1,0.045,0.033
02 Jan 2025 20:01,2,1,0.042,0.032
02 Jan 2025 20:02,2,1,0.042,0.032
02 Jan 2025 20:03,2,1,0.045,0.033
02 Jan 2025 20:04,2,1,0.042,0.033
02 Jan 2025 20:05,2,1,0.037,0.030
02 Jan 2025 20:06,2,1,0.043,0.031
02 Jan 2025 20:07,2,1,0.043,0.032
02 Jan 2025 20:08,2,1,0.040,0.031
02 Jan 2025 20:09,2,1,0.045,0.033
02 Jan 2025 20:10,2,1,0.040,0.032
02 Jan 2025 20:11,2,1,0.043,0.033
02 Jan 2025 20:12,2,1,0.041,0.033
02 Jan 2025 20:13,2,1,0.042,0.033
02 Jan 2025 20:14,2,1,0.047,0.034
02 Jan 2025 20:15,2,1,0.042,0.033
02 Jan 2025 20:16,2,1,0.046,0.033
02 Jan 2025 20:17,2,1,0.043,0.034
02 Jan 2025 20:18,2,1,0.049,0.034
02 Jan 2025 20:19,2,1,0.043,0.033
02 Jan 2025 20:20,2,1,0.053,0.035
02 Jan 2025 20:21,2,1,0.044,0.033
02 Jan 2025 20:22,2,1,0.046,0.033
02 Jan 2025 20:23,2,1,0.045,0.032
02 Jan 2025 20:24,2,1,0.041,0.032
02 Jan 2025 20:25,2,1,0.042,0.033
02 Jan 2025 20:26,2,1,0.046,0.034
02 Jan 2025 20:27,2,1,0.042,0.034
02 Jan 2025 20:28,2,1,0.041,0.032
02 Jan 2025 20:29,2,1,0.042,0.033
02 Jan 2025 20:30,2,1,0.037,0.031
02 Jan 2025 20:31,2,1,0.044,0.035
02 Jan 2025 20:32,2,1,0.048,0.034
02 Jan 2025 20:33,2,1,0.040,0.032
02 Jan 2025 20:34,2,1,0.041,0.033
02 Jan 2025 20:35,2,1,0.045,0.033
02 Jan 2025 20:36,2,1,0.044,0.034
02 Jan 2025 20:37,2,1,0.046,0.034
02 Jan 2025 20:38,2,1,0.045,0.034
02 Jan 2025 20:39,2,1,0.040,0.032
02 Jan 2025 20:40,2,1,0.048,0.034
02 Jan 2025 20:41,2,1,0.040,0.032
02 Jan 2025 20:42,2,1,0.046,0.035
02 Jan 2025 20:43,2,1,0.041,0.033
02 Jan 2025 20:44,2,1,0.040,0.033
02 Jan 2025 20:45,2,1,0.045,0.033
02 Jan 2025 20:46,2,1,0.039,0.034
02 Jan 2025 20:47,2,1,0.043,0.033
02 Jan 2025 20:48,2,1,0.044,0.035
02 Jan 2025 20:49,2,1,0.046,0.035
02 Jan 2025 20:50,2,1,0.046,0.034
02 Jan 2025 20:51,2,1,0.040,0.033
02 Jan 2025 20:52,2,1,0.045,0.034
02 Jan 2025 20:53,2,1,0.042,0.034
02 Jan 2025 20:54,2,1,0.041,0.032
02 Jan 2025 20:55,2,1,0.044,0.033
02 Jan 2025 20:56,2,1,0.041,0.035
02 Jan 2025 20:57,2,1,0.044,0.034
02 Jan 2025 20:58,2,1,0.049,0.035
02 Jan 2025 20:59,2,1,0.045,0.034
02 Jan 2025 21:00,2,1,0.040,0.032
02 Jan 2025 21:01,2,1,0.047,0.034
02 Jan 2025 21:02,2,1,0.044,0.034
02 Jan 2025 21:03,2,1,0.043,0.034
02 Jan 2025 21:04,2,1,0.041,0.034
02 Jan 2025 21:05,2,1,0.043,0.034
02 Jan 2025 21:06,2,1,0.046,0.035
02 Jan 2025 21:07,2,1,0.044,0.034
02 Jan 2025 21:08,2,1,0.042,0.034
02 Jan 2025 21:09,2,1,0.044,0.034
02 Jan 2025 21:10,2,1,0.045,0.034
02 Jan 2025 21:11,2,1,0.041,0.032
02 Jan 2025 21:12,2,1,0.046,0.035
02 Jan 2025 21:13,2,1,0.039,0.033
02 Jan 2025 21:14,2,1,0.043,0.033
02 Jan 2025 21:15,2,1,0.042,0.033
02 Jan 2025 21:16,2,1,0.042,0.034
02 Jan 2025 21:17,2,1,0.041,0.033
02 Jan 2025 21:18,2,1,0.044,0.034
02 Jan 2025 21:19,2,1,0.048,0.034
02 Jan 2025 21:20,2,1,0.044,0.034
02 Jan 2025 21:21,2,1,0.045,0.035
02 Jan 2025 21:22,2,1,0.045,0.034
02 Jan 2025 21:23,2,1,0.045,0.034
02 Jan 2025 21:24,2,1,0.044,0.034
02 Jan 2025 21:25,2,1,0.043,0.035
02 Jan 2025 21:26,2,1,0.044,0.035
02 Jan 2025 21:27,2,1,0.044,0.035
02 Jan 2025 21:28,2,1,0.048,0.036
02 Jan 2025 21:29,2,1,0.048,0.036
02 Jan 2025 21:30,2,1,0.046,0.034
02 Jan 2025 21:31,2,1,0.046,0.035
02 Jan 2025 21:32,2,1,0.041,0.035
02 Jan 2025 21:33,2,1,0.049,0.036
02 Jan 2025 21:34,2,1,0.045,0.035
02 Jan 2025 21:35,2,1,0.043,0.035
02 Jan 2025 21:36,2,1,0.043,0.036
02 Jan 2025 21:37,2,1,0.045,0.035
02 Jan 2025 21:38,2,1,0.047,0.035
02 Jan 2025 21:39,2,1,0.046,0.035
02 Jan 2025 21:40,2,1,0.045,0.035
02 Jan 2025 21:41,2,1,0.048,0.035
02 Jan 2025 21:42,2,1,0.044,0.034
02 Jan 2025 21:43,2,1,0.044,0.035
02 Jan 2025 21:44,2,1,0.047,0.035
02 Jan 2025 21:45,2,1,0.045,0.034
02 Jan 2025 21:46,2,1,0.049,0.035
02 Jan 2025 21:47,2,1,0.043,0.034
02 Jan 2025 21:48,2,1,0.044,0.035
02 Jan 2025 21:49,2,1,0.047,0.036
02 Jan 2025 21:50,2,1,0.042,0.034
02 Jan 2025 21:51,2,1,0.046,0.035
02 Jan 2025 21:52,2,1,0.046,0.036
02 Jan 2025 21:53,2,1,0.044,0.035
02 Jan 2025 21:54,2,1,0.048,0.037
02 Jan 2025 21:55,2,1,0.047,0.037
02 Jan 2025 21:56,2,1,0.049,0.038
02 Jan 2025 21:57,2,1,0.050,0.037
02 Jan 2025 21:58,2,1,0.051,0.037
02 Jan 2025 21:59,2,1,0.047,0.037
02 Jan 2025 22:00,2,1,0.044,0.035
02 Jan 2025 22:01,2,1,0.047,0.036
02 Jan 2025 22:02,2,1,0.049,0.037
02 Jan 2025 22:03,2,1,0.049,0.038
02 Jan 2025 22:04,2,1,0.049,0.036
02 Jan 2025 22:05,2,1,0.046,0.036
02 Jan 2025 22:06,2,1,0.052,0.038
02 Jan 2025 22:07,2,1,0.049,0.037
02 Jan 2025 22:08,2,1,0.046,0.035
02 Jan 2025 22:09,2,1,0.049,0.038
02 Jan 2025 22:10,2,1,0.051,0.037
02 Jan 2025 22:11,2,1,0.052,0.038
02 Jan 2025 22:12,2,1,0.052,0.039
02 Jan 2025 22:13,2,1,0.047,0.038
02 Jan 2025 22:14,2,1,0.048,0.037
02 Jan 2025 22:15,2,1,0.050,0.038
02 Jan 2025 22:16,2,1,0.047,0.036
02 Jan 2025 22:17,2,1,0.047,0.036
02 Jan 2025 22:18,2,1,0.049,0.036
02 Jan 2025 22:19,2,1,0.053,0.039
02 Jan 2025 22:20,2,1,0.048,0.036
02 Jan 2025 22:21,2,1,0.048,0.037
02 Jan 2025 22:22,2,1,0.052,0.038
02 Jan 2025 22:23,2,1,0.048,0.036
02 Jan 2025 22:24,2,1,0.052,0.036
02 Jan 2025 22:25,2,1,0.054,0.037
02 Jan 2025 22:26,2,1,0.045,0.036
02 Jan 2025 22:27,2,1,0.052,0.038
02 Jan 2025 22:28,2,1,0.049,0.037
02 Jan 2025 22:29,2,1,0.053,0.036
02 Jan 2025 22:30,2,1,0.045,0.036
02 Jan 2025 22:31,2,1,0.053,0.039
02 Jan 2025 22:32,2,1,0.050,0.039
02 Jan 2025 22:33,2,1,0.050,0.037
02 Jan 2025 22:34,2,1,0.055,0.039
02 Jan 2025 22:35,2,1,0.052,0.037
02 Jan 2025 22:36,2,1,0.045,0.037
02 Jan 2025 22:37,2,1,0.054,0.038
02 Jan 2025 22:38,2,1,0.053,0.039
02 Jan 2025 22:39,2,1,0.053,0.038
02 Jan 2025 22:40,2,1,0.046,0.038
02 Jan 2025 22:41,2,1,0.049,0.038
02 Jan 2025 22:42,2,1,0.050,0.039
02 Jan 2025 22:43,2,1,0.053,0.039
02 Jan 2025 22:44,2,1,0.052,0.039
02 Jan 2025 22:45,2,1,0.049,0.039
02 Jan 2025 22:46,2,1,0.056,0.039
02 Jan 2025 22:47,2,1,0.058,0.040
02 Jan 2025 22:48,2,1,0.054,0.038
02 Jan 2025 22:49,2,1,0.053,0.038
02 Jan 2025 22:50,2,1,0.051,0.039
02 Jan 2025 22:51,2,1,0.051,0.040
02 Jan 2025 22:52,2,1,0.056,0.039
02 Jan 2025 22:53,2,1,0.050,0.039
02 Jan 2025 22:54,2,1,0.050,0.038
02 Jan 2025 22:55,2,1,0.052,0.038
02 Jan 2025 22:56,2,1,0.050,0.038
02 Jan 2025 22:57,2,1,0.053,0.038
02 Jan 2025 22:58,2,1,0.059,0.040
02 Jan 2025 22:59,2,1,0.053,0.040
02 Jan 2025 23:00,2,1,0.052,0.039
02 Jan 2025 23:01,2,1,0.049,0.040
02 Jan 2025 23:02,2,1,0.049,0.039
02 Jan 2025 23:03,2,1,0.046,0.038
02 Jan 2025 23:04,2,1,0.048,0.039
02 Jan 2025 23:05,2,1,0.052,0.041
02 Jan 2025 23:06,2,1,0.057,0.040
02 Jan 2025 23:07,2,1,0.051,0.038
02 Jan 2025 23:08,2,1,0.053,0.040
02 Jan 2025 23:09,2,1,0.050,0.038
02 Jan 2025 23:10,2,1,0.052,0.041
02 Jan 2025 23:11,2,1,0.052,0.038
02 Jan 2025 23:12,2,1,0.055,0.040
02 Jan 2025 23:13,2,1,0.050,0.040
02 Jan 2025 23:14,2,1,0.053,0.038
02 Jan 2025 23:15,2,1,0.055,0.040
02 Jan 2025 23:16,2,1,0.050,0.039
02 Jan 2025 23:17,2,1,0.059,0.040
02 Jan 2025 23:18,2,1,0.050,0.039
02 Jan 2025 23:19,2,1,0.054,0.041
02 Jan 2025 23:20,2,1,0.050,0.039
02 Jan 2025 23:21,2,1,0.053,0.040
02 Jan 2025 23:22,2,1,0.053,0.039
02 Jan 2025 23:23,2,1,0.050,0.040
02 Jan 2025 23:24,2,1,0.048,0.039
02 Jan 2025 23:25,2,1,0.052,0.039
02 Jan 2025 23:26,2,1,0.048,0.039
02 Jan 2025 23:27,2,1,0.054,0.040
02 Jan 2025 23:28,2,1,0.055,0.041
02 Jan 2025 23:29,2,1,0.055,0.041
02 Jan 2025 23:30,2,1,0.056,0.040
02 Jan 2025 23:31,2,1,0.051,0.039
02 Jan 2025 23:32,2,1,0.053,0.040
02 Jan 2025 23:33,2,1,0.052,0.041
02 Jan 2025 23:34,2,1,0.053,0.041
02 Jan 2025 23:35,2,1,0.052,0.040
02 Jan 2025 23:36,2,1,0.052,0.041
02 Jan 2025 23:37,2,1,0.054,0.042
02 Jan 2025 23:38,2,1,0.056,0.041
02 Jan 2025 23:39,2,1,0.053,0.039
02 Jan 2025 23:40,2,1,0.053,0.042
02 Jan 2025 23:41,2,1,0.053,0.041
02 Jan 2025 23:42,2,1,0.053,0.040
02 Jan 2025 23:43,2,1,0.050,0.039
02 Jan 2025 23:44,2,1,0.052,0.040
02 Jan 2025 23:45,2,1,0.052,0.041
02 Jan 2025 23:46,2,1,0.052,0.041
02 Jan 2025 23:47,2,1,0.056,0.041
02 Jan 2025 23:48,2,1,0.054,0.041
02 Jan 2025 23:49,2,1,0.050,0.040
02 Jan 2025 23:50,2,1,0.050,0.040
02 Jan 2025 23:51,2,1,0.050,0.041
02 Jan 2025 23:52,2,1,0.051,0.039
02 Jan 2025 23:53,2,1,0.055,0.041
02 Jan 2025 23:54,2,1,0.051,0.040
02 Jan 2025 23:55,2,1,0.052,0.040
02 Jan 2025 23:56,2,1,0.057,0.042
02 Jan 2025 23:57,2,1,0.052,0.040
02 Jan 2025 23:58,2,1,0.053,0.041
02 Jan 2025 23:59,2,1,0.053,0.042
03 Jan 2025 00:00,2,1,0.054,0.041
03 Jan 2025 00:01,2,1,0.053,0.041
03 Jan 2025 00:02,2,1,0.052,0.040
03 Jan 2025 00:03,2,1,0.050,0.040
03 Jan 2025 00:04,2,1,0.051,0.041
03 Jan 2025 00:05,2,1,0.052,0.041
03 Jan 2025 00:06,2,1,0.056,0.041
03 Jan 2025 00:07,2,1,0.055,0.042
03 Jan 2025 00:08,2,1,0.050,0.041
03 Jan 2025 00:09,2,1,0.055,0.041
03 Jan 2025 00:10,2,1,0.051,0.041
03 Jan 2025 00:11,2,1,0.053,0.041
03 Jan 2025 00:12,2,1,0.055,0.041
03 Jan 2025 00:13,2,1,0.054,0.041
03 Jan 2025 00:14,2,1,0.055,0.041
03 Jan 2025 00:15,2,1,0.054,0.042
03 Jan 2025 00:16,2,1,0.054,0.041
03 Jan 2025 00:17,2,1,0.050,0.040
03 Jan 2025 00:18,2,1,0.054,0.041
03 Jan 2025 00:19,2,1,0.057,0.041
03 Jan 2025 00:20,2,1,0.050,0.040
03 Jan 2025 00:21,2,1,0.058,0.040
03 Jan 2025 00:22,2,1,0.058,0.042
03 Jan 2025 00:23,2,1,0.056,0.040
03 Jan 2025 00:24,2,1,0.055,0.041
03 Jan 2025 00:25,2,1,0.057,0.041
03 Jan 2025 00:26,2,1,0.057,0.040
03 Jan 2025 00:27,2,1,0.059,0.043
03 Jan 2025 00:28,2,1,0.057,0.041
03 Jan 2025 00:29,2,1,0.053,0.041
03 Jan 2025 00:30,2,1,0.053,0.040
03 Jan 2025 00:31,2,1,0.053,0.042
03 Jan 2025 00:32,2,1,0.049,0.040
03 Jan 2025 00:33,2,1,0.055,0.041
03 Jan 2025 00:34,2,1,0.053,0.041
03 Jan 2025 00:35,2,1,0.050,0.040
03 Jan 2025 00:36,2,1,0.053,0.041
03 Jan 2025 00:37,2,1,0.055,0.040
03 Jan 2025 00:38,2,1,0.053,0.041
03 Jan 2025 00:39,2,1,0.053,0.041
03 Jan 2025 00:40,2,1,0.052,0.040
03 Jan 2025 00:41,2,1,0.053,0.041
03 Jan 2025 00:42,2,1,0.054,0.042
03 Jan 2025 00:43,2,1,0.053,0.041
03 Jan 2025 00:44,2,1,0.053,0.040
03 Jan 2025 00:45,2,1,0.056,0.041
03 Jan 2025 00:46,2,1,0.056,0.040
03 Jan 2025 00:47,2,1,0.051,0.039
03 Jan 2025 00:48,2,1,0.054,0.040
03 Jan 2025 00:49,2,1,0.055,0.041
03 Jan 2025 00:50,2,1,0.050,0.041
03 Jan 2025 00:51,2,1,0.051,0.042
03 Jan 2025 00:52,2,1,0.052,0.039
03 Jan 2025 00:53,2,1,0.051,0.041
03 Jan 2025 00:54,2,1,0.059,0.040
03 Jan 2025 00:55,2,1,0.048,0.038
03 Jan 2025 00:56,2,1,0.052,0.039
03 Jan 2025 00:57,2,1,0.053,0.039
03 Jan 2025 00:58,2,1,0.053,0.041
03 Jan 2025 00:59,2,1,0.054,0.041
03 Jan 2025 01:00,2,1,0.055,0.040
03 Jan 2025 01:01,2,1,0.050,0.040
03 Jan 2025 01:02,2,1,0.054,0.040
03 Jan 2025 01:03,2,1,0.053,0.040
03 Jan 2025 01:04,2,1,0.054,0.040
03 Jan 2025 01:05,2,1,0.052,0.040
03 Jan 2025 01:06,2,1,0.050,0.039
03 Jan 2025 01:07,2,1,0.052,0.039
03 Jan 2025 01:08,2,1,0.053,0.039
03 Jan 2025 01:09,2,1,0.053,0.040
03 Jan 2025 01:10,2,1,0.048,0.039
03 Jan 2025 01:11,2,1,0.058,0.040
03 Jan 2025 01:12,2,1,0.051,0.040
03 Jan 2025 01:13,2,1,0.053,0.039
03 Jan 2025 01:14,2,1,0.058,0.042
03 Jan 2025 01:15,2,1,0.052,0.041
03 Jan 2025 01:16,2,1,0.052,0.039
03 Jan 2025 01:17,2,1,0.049,0.041
03 Jan 2025 01:18,2,1,0.056,0.040
03 Jan 2025 01:19,2,1,0.050,0.039
03 Jan 2025 01:20,2,1,0.047,0.040
03 Jan 2025 01:21,2,1,0.051,0.039
03 Jan 2025 01:22,2,1,0.053,0.039
03 Jan 2025 01:23,2,1,0.053,0.040
03 Jan 2025 01:24,2,1,0.055,0.041
03 Jan 2025 01:25,2,1,0.051,0.040
03 Jan 2025 01:26,2,1,0.050,0.039
03 Jan 2025 01:27,2,1,0.049,0.038
03 Jan 2025 01:28,2,1,0.053,0.039
03 Jan 2025 01:29,2,1,0.049,0.040
03 Jan 2025 01:30,2,1,0.059,0.041
03 Jan 2025 01:31,2,1,0.050,0.040
03 Jan 2025 01:32,2,1,0.047,0.039
03 Jan 2025 01:33,2,1,0.053,0.041
03 Jan 2025 01:34,2,1,0.056,0.041
03 Jan 2025 01:35,2,1,0.054,0.040
03 Jan 2025 01:36,2,1,0.053,0.039
03 Jan 2025 01:37,2,1,0.050,0.039
03 Jan 2025 01:38,2,1,0.050,0.039
03 Jan 2025 01:39,2,1,0.051,0.041
03 Jan 2025 01:40,2,1,0.048,0.039
03 Jan 2025 01:41,2,1,0.054,0.040
03 Jan 2025 01:42,2,1,0.051,0.039
03 Jan 2025 01:43,2,1,0.048,0.039
03 Jan 2025 01:44,2,1,0.052,0.040
03 Jan 2025 01:45,2,1,0.054,0.039
03 Jan 2025 01:46,2,1,0.055,0.041
03 Jan 2025 01:47,2,1,0.048,0.039
03 Jan 2025 01:48,2,1,0.058,0.041
03 Jan 2025 01:49,2,1,0.050,0.039
03 Jan 2025 01:50,2,1,0.053,0.038
03 Jan 2025 01:51,2,1,0.046,0.038
03 Jan 2025 01:52,2,1,0.050,0.039
03 Jan 2025 01:53,2,1,0.054,0.038
03 Jan 2025 01:54,2,1,0.052,0.040
03 Jan 2025 01:55,2,1,0.053,0.040
03 Jan 2025 01:56,2,1,0.046,0.038
03 Jan 2025 01:57,2,1,0.050,0.038
03 Jan 2025 01:58,2,1,0.050,0.039
03 Jan 2025 01:59,2,1,0.050,0.039
03 Jan 2025 02:00,2,1,0.048,0.038
03 Jan 2025 02:01,2,1,0.050,0.038
03 Jan 2025 02:02,2,1,0.051,0.038
03 Jan 2025 02:03,2,1,0.050,0.039
03 Jan 2025 02:04,2,1,0.048,0.039
03 Jan 2025 02:05,2,1,0.050,0.039
03 Jan 2025 02:06,2,1,0.047,0.037
03 Jan 2025 02:07,2,1,0.049,0.038
03 Jan 2025 02:08,2,1,0.049,0.038
03 Jan 2025 02:09,2,1,0.051,0.038
03 Jan 2025 02:10,2,1,0.052,0.039
03 Jan 2025 02:11,2,1,0.050,0.038
03 Jan 2025 02:12,2,1,0.051,0.038
03 Jan 2025 02:13,2,1,0.056,0.039
03 Jan 2025 02:14,2,1,0.047,0.037
03 Jan 2025 02:15,2,1,0.049,0.038
03 Jan 2025 02:16,2,1,0.049,0.037
03 Jan 2025 02:17,2,1,0.045,0.037
03 Jan 2025 02:18,2,1,0.045,0.037
03 Jan 2025 02:19,2,1,0.052,0.039
03 Jan 2025 02:20,2,1,0.046,0.037
03 Jan 2025 02:21,2,1,0.046,0.037
03 Jan 2025 02:22,2,1,0.048,0.037
03 Jan 2025 02:23,2,1,0.047,0.037
03 Jan 2025 02:24,2,1,0.052,0.039
03 Jan 2025 02:25,2,1,0.047,0.037
03 Jan 2025 02:26,2,1,0.047,0.039
03 Jan 2025 02:27,2,1,0.045,0.037
03 Jan 2025 02:28,2,1,0.046,0.036
03 Jan 2025 02:29,2,1,0.049,0.039
03 Jan 2025 02:30,2,1,0.051,0.038
03 Jan 2025 02:31,2,1,0.048,0.037
03 Jan 2025 02:32,2,1,0.048,0.038
03 Jan 2025 02:33,2,1,0.047,0.037
03 Jan 2025 02:34,2,1,0.048,0.037
03 Jan 2025 02:35,2,1,0.044,0.037
03 Jan 2025 02:36,2,1,0.048,0.036
03 Jan 2025 02:37,2,1,0.055,0.038
03 Jan 2025 02:38,2,1,0.044,0.036
03 Jan 2025 02:39,2,1,0.043,0.035
03 Jan 2025 02:40,2,1,0.042,0.036
03 Jan 2025 02:41,2,1,0.049,0.038
03 Jan 2025 02:42,2,1,0.047,0.037
03 Jan 2025 02:43,2,1,0.042,0.037
03 Jan 2025 02:44,2,1,0.045,0.037
03 Jan 2025 02:45,2,1,0.049,0.037
03 Jan 2025 02:46,2,1,0.048,0.037
03 Jan 2025 02:47,2,1,0.052,0.038
03 Jan 2025 02:48,2,1,0.044,0.036
03 Jan 2025 02:49,2,1,0.046,0.037
03 Jan 2025 02:50,2,1,0.041,0.035
03 Jan 2025 02:51,2,1,0.045,0.036
03 Jan 2025 02:52,2,1,0.045,0.034
03 Jan 2025 02:53,2,1,0.047,0.036
03 Jan 2025 02:54,2,1,0.045,0.035
03 Jan 2025 02:55,2,1,0.043,0.035
03 Jan 2025 02:56,2,1,0.049,0.038
03 Jan 2025 02:57,2,1,0.045,0.036
03 Jan 2025 02:58,2,1,0.044,0.036
03 Jan 2025 02:59,2,1,0.046,0.036
03 Jan 2025 03:00,2,1,0.047,0.036
03 Jan 2025 03:01,2,1,0.044,0.035
03 Jan 2025 03:02,2,1,0.047,0.036
03 Jan 2025 03:03,2,1,0.047,0.036
03 Jan 2025 03:04,2,1,0.047,0.037
03 Jan 2025 03:05,2,1,0.042,0.034
03 Jan 2025 03:06,2,1,0.046,0.036
03 Jan 2025 03:07,2,1,0.046,0.035
03 Jan 2025 03:08,2,1,0.051,0.036
03 Jan 2025 03:09,2,1,0.045,0.036
03 Jan 2025 03:10,2,1,0.045,0.035
03 Jan 2025 03:11,2,1,0.043,0.034
03 Jan 2025 03:12,2,1,0.042,0.035
03 Jan 2025 03:13,2,1,0.043,0.035
03 Jan 2025 03:14,2,1,0.046,0.035
03 Jan 2025 03:15,2,1,0.043,0.035
03 Jan 2025 03:16,2,1,0.043,0.034
03 Jan 2025 03:17,2,1,0.044,0.035
03 Jan 2025 03:18,2,1,0.047,0.036
03 Jan 2025 03:19,2,1,0.042,0.035
03 Jan 2025 03:20,2,1,0.043,0.034
03 Jan 2025 03:21,2,1,0.042,0.034
03 Jan 2025 03:22,2,1,0.046,0.034
03 Jan 2025 03:23,2,1,0.042,0.035
03 Jan 2025 03:24,2,1,0.043,0.035
03 Jan 2025 03:25,2,1,0.041,0.035
03 Jan 2025 03:26,2,1,0.047,0.036
03 Jan 2025 03:27,2,1,0.040,0.034
03 Jan 2025 03:28,2,1,0.045,0.034
03 Jan 2025 03:29,2,1,0.041,0.035
03 Jan 2025 03:30,2,1,0.047,0.037
03 Jan 2025 03:31,2,1,0.043,0.036
03 Jan 2025 03:32,2,1,0.045,0.036
03 Jan 2025 03:33,2,1,0.046,0.036
03 Jan 2025 03:34,2,1,0.042,0.035
03 Jan 2025 03:35,2,1,0.042,0.036
03 Jan 2025 03:36,2,1,0.044,0.035
03 Jan 2025 03:37,2,1,0.043,0.036
03 Jan 2025 03:38,2,1,0.046,0.037
03 Jan 2025 03:39,2,1,0.044,0.036
03 Jan 2025 03:40,2,1,0.043,0.035
03 Jan 2025 03:41,2,1,0.046,0.036
03 Jan 2025 03:42,2,1,0.044,0.035
03 Jan 2025 03:43,2,1,0.043,0.034
03 Jan 2025 03:44,2,1,0.045,0.036
03 Jan 2025 03:45,2,1,0.048,0.037
03 Jan 2025 03:46,2,1,0.044,0.036
03 Jan 2025 03:47,2,1,0.048,0.036
03 Jan 2025 03:48,2,1,0.045,0.035
03 Jan 2025 03:49,2,1,0.041,0.035
03 Jan 2025 03:50,2,1,0.041,0.034
03 Jan 2025 03:51,2,1,0.043,0.035
03 Jan 2025 03:52,2,1,0.043,0.035
03 Jan 2025 03:53,2,1,0.044,0.036
03 Jan 2025 03:54,2,1,0.046,0.036
03 Jan 2025 03:55,2,1,0.045,0.035
03 Jan 2025 03:56,2,1,0.040,0.035
03 Jan 2025 03:57,2,1,0.044,0.034
03 Jan 2025 03:58,2,1,0.041,0.035
03 Jan 2025 03:59,2,1,0.044,0.035
03 Jan 2025 04:00,2,1,0.040,0.035
03 Jan 2025 04:01,2,1,0.041,0.035
03 Jan 2025 04:02,2,1,0.043,0.035
03 Jan 2025 04:03,2,1,0.044,0.036
03 Jan 2025 04:04,2,1,0.046,0.035
03 Jan 2025 04:05,2,1,0.045,0.036
03 Jan 2025 04:06,2,1,0.042,0.034
03 Jan 2025 04:07,2,1,0.039,0.035
03 Jan 2025 04:08,2,1,0.044,0.035
03 Jan 2025 04:09,2,1,0.045,0.035
03 Jan 2025 04:10,2,1,0.043,0.034
03 Jan 2025 04:11,2,1,0.041,0.034
03 Jan 2025 04:12,2,1,0.044,0.034
03 Jan 2025 04:13,2,1,0.045,0.035
03 Jan 2025 04:14,2,1,0.041,0.033
03 Jan 2025 04:15,2,1,0.045,0.035
03 Jan 2025 04:16,2,1,0.039,0.034
03 Jan 2025 04:17,2,1,0.040,0.034
03 Jan 2025 04:18,2,1,0.040,0.034
03 Jan 2025 04:19,2,1,0.039,0.033
03 Jan 2025 04:20,2,1,0.044,0.035
03 Jan 2025 04:21,2,1,0.042,0.033
03 Jan 2025 04:22,2,1,0.041,0.033
03 Jan 2025 04:23,2,1,0.044,0.034
03 Jan 2025 04:24,2,1,0.040,0.033
03 Jan 2025 04:25,2,1,0.046,0.035
03 Jan 2025 04:26,2,1,0.042,0.034
03 Jan 2025 04:27,2,1,0.038,0.033
03 Jan 2025 04:28,2,1,0.042,0.033
03 Jan 2025 04:29,2,1,0.041,0.034
03 Jan 2025 04:30,2,1,0.041,0.033
03 Jan 2025 04:31,2,1,0.040,0.033
03 Jan 2025 04:32,2,1,0.040,0.033
03 Jan 2025 04:33,2,1,0.039,0.033
03 Jan 2025 04:34,2,1,0.041,0.033
03 Jan 2025 04:35,2,1,0.040,0.033
03 Jan 2025 04:36,2,1,0.039,0.034
03 Jan 2025 04:37,2,1,0.042,0.033
03 Jan 2025 04:38,2,1,0.040,0.034
03 Jan 2025 04:39,2,1,0.040,0.034
03 Jan 2025 04:40,2,1,0.042,0.034
03 Jan 2025 04:41,2,1,0.042,0.034
03 Jan 2025 04:42,2,1,0.042,0.034
03 Jan 2025 04:43,2,1,0.044,0.034
03 Jan 2025 04:44,2,1,0.042,0.033
03 Jan 2025 04:45,2,1,0.042,0.035
03 Jan 2025 04:46,2,1,0.044,0.035
03 Jan 2025 04:47,2,1,0.041,0.034
03 Jan 2025 04:48,2,1,0.042,0.034
03 Jan 2025 04:49,2,1,0.048,0.035
03 Jan 2025 04:50,2,1,0.042,0.034
03 Jan 2025 04:51,2,1,0.041,0.033
03 Jan 2025 04:52,2,1,0.039,0.033
03 Jan 2025 04:53,2,1,0.046,0.035
03 Jan 2025 04:54,2,1,0.044,0.034
03 Jan 2025 04:55,2,1,0.042,0.035
03 Jan 2025 04:56,2,1,0.043,0.035
03 Jan 2025 04:57,2,1,0.045,0.036
03 Jan 2025 04:58,2,1,0.039,0.034
03 Jan 2025 04:59,2,1,0.043,0.034
03 Jan 2025 05:00,2,1,0.040,0.033
03 Jan 2025 05:01,2,1,0.045,0.035
03 Jan 2025 05:02,2,1,0.040,0.033
03 Jan 2025 05:03,2,1,0.044,0.034
03 Jan 2025 05:04,2,1,0.045,0.036
03 Jan 2025 05:05,2,1,0.042,0.035
03 Jan 2025 05:06,2,1,0.041,0.034
03 Jan 2025 05:07,2,1,0.044,0.033
03 Jan 2025 05:08,2,1,0.044,0.034
03 Jan 2025 05:09,2,1,0.041,0.033
03 Jan 2025 05:10,2,1,0.041,0.034
03 Jan 2025 05:11,2,1,0.042,0.034
03 Jan 2025 05:12,2,1,0.039,0.033
03 Jan 2025 05:13,2,1,0.043,0.033
03 Jan 2025 05:14,2,1,0.040,0.033
03 Jan 2025 05:15,2,1,0.041,0.034
03 Jan 2025 05:16,2,1,0.041,0.034
03 Jan 2025 05:17,2,1,0.038,0.034
03 Jan 2025 05:18,2,1,0.043,0.033
03 Jan 2025 05:19,2,1,0.046,0.036
03 Jan 2025 05:20,2,1,0.043,0.034
03 Jan 2025 05:21,2,1,0.041,0.034
03 Jan 2025 05:22,2,1,0.040,0.034
03 Jan 2025 05:23,2,1,0.041,0.034
03 Jan 2025 05:24,2,1,0.042,0.034
03 Jan 2025 05:25,2,1,0.043,0.034
03 Jan 2025 05:26,2,1,0.045,0.033
03 Jan 2025 05:27,2,1,0.042,0.035
03 Jan 2025 05:28,2,1,0.041,0.034
03 Jan 2025 05:29,2,1,0.043,0.036
03 Jan 2025 05:30,2,1,0.040,0.032
03 Jan 2025 05:31,2,1,0.042,0.034
03 Jan 2025 05:32,2,1,0.045,0.034
03 Jan 2025 05:33,2,1,0.041,0.033
03 Jan 2025 05:34,2,1,0.043,0.036
03 Jan 2025 05:35,2,1,0.043,0.034
03 Jan 2025 05:36,2,1,0.042,0.033
03 Jan 2025 05:37,2,1,0.040,0.034
03 Jan 2025 05:38,2,1,0.044,0.034
03 Jan 2025 05:39,2,1,0.043,0.035
03 Jan 2025 05:40,2,1,0.043,0.035
03 Jan 2025 05:41,2,1,0.044,0.034
03 Jan 2025 05:42,2,1,0.045,0.035
03 Jan 2025 05:43,2,1,0.043,0.035
03 Jan 2025 05:44,2,1,0.043,0.035
03 Jan 2025 05:45,2,1,0.042,0.034
03 Jan 2025 05:46,2,1,0.042,0.034
03 Jan 2025 05:47,2,1,0.045,0.034
03 Jan 2025 05:48,2,1,0.044,0.035
03 Jan 2025 05:49,2,1,0.040,0.033
03 Jan 2025 05:50,2,1,0.043,0.035
03 Jan 2025 05:51,2,1,0.046,0.036
03 Jan 2025 05:52,2,1,0.041,0.034
03 Jan 2025 05:53,2,1,0.044,0.036
03 Jan 2025 05:54,2,1,0.045,0.034
03 Jan 2025 05:55,2,1,0.044,0.035
03 Jan 2025 05:56,2,1,0.043,0.033
03 Jan 2025 05:57,2,1,0.045,0.034
03 Jan 2025 05:58,2,1,0.039,0.033
03 Jan 2025 05:59,2,1,0.042,0.034
03 Jan 2025 06:00,2,1,0.042,0.035
03 Jan 2025 06:01,2,1,0.046,0.035
03 Jan 2025 06:02,2,1,0.040,0.035
03 Jan 2025 06:03,2,1,0.043,0.035
03 Jan 2025 06:04,2,1,0.040,0.035
03 Jan 2025 06:05,2,1,0.043,0.034
03 Jan 2025 06:06,2,1,0.044,0.034
03 Jan 2025 06:07,2,1,0.039,0.033
03 Jan 2025 06:08,2,1,0.043,0.035
03 Jan 2025 06:09,2,1,0.046,0.036
03 Jan 2025 06:10,2,1,0.041,0.034
03 Jan 2025 06:11,2,1,0.041,0.034
03 Jan 2025 06:12,2,1,0.043,0.034
03 Jan 2025 06:13,2,1,0.043,0.034
03 Jan 2025 06:14,2,1,0.041,0.034
03 Jan 2025 06:15,2,1,0.041,0.034
03 Jan 2025 06:16,2,1,0.043,0.035
03 Jan 2025 06:17,2,1,0.045,0.034
03 Jan 2025 06:18,2,1,0.040,0.033
03 Jan 2025 06:19,2,1,0.039,0.034
03 Jan 2025 06:20,2,1,0.040,0.033
03 Jan 2025 06:21,2,1,0.044,0.034
03 Jan 2025 06:22,2,1,0.041,0.033
03 Jan 2025 06:23,2,1,0.041,0.034
03 Jan 2025 06:24,2,1,0.041,0.033
03 Jan 2025 06:25,2,1,0.041,0.032
03 Jan 2025 06:26,2,1,0.039,0.033
03 Jan 2025 06:27,2,1,0.042,0.033
03 Jan 2025 06:28,2,1,0.044,0.034
03 Jan 2025 06:29,2,1,0.041,0.034
03 Jan 2025 06:30,2,1,0.040,0.032
03 Jan 2025 06:31,2,1,0.041,0.034
03 Jan 2025 06:32,2,1,0.044,0.033
03 Jan 2025 06:33,2,1,0.045,0.033
03 Jan 2025 06:34,2,1,0.043,0.034
03 Jan 2025 06:35,2,1,0.043,0.034
03 Jan 2025 06:36,2,1,0.040,0.034
03 Jan 2025 06:37,2,1,0.041,0.033
03 Jan 2025 06:38,2,1,0.040,0.034
03 Jan 2025 06:39,2,1,0.041,0.033
03 Jan 2025 06:40,2,1,0.044,0.033
03 Jan 2025 06:41,2,1,0.040,0.034
03 Jan 2025 06:42,2,1,0.040,0.033
03 Jan 2025 06:43,2,1,0.043,0.034
03 Jan 2025 06:44,2,1,0.042,0.032
03 Jan 2025 06:45,2,1,0.046,0.032
03 Jan 2025 06:46,2,1,0.043,0.033
03 Jan 2025 06:47,2,1,0.043,0.034
03 Jan 2025 06:48,2,1,0.040,0.033
03 Jan 2025 06:49,2,1,0.040,0.033
03 Jan 2025 06:50,2,1,0.040,0.033
03 Jan 2025 06:51,2,1,0.040,0.033
03 Jan 2025 06:52,2,1,0.039,0.032
03 Jan 2025 06:53,2,1,0.042,0.032
03 Jan 2025 06:54,2,1,0.044,0.034
03 Jan 2025 06:55,2,1,0.042,0.033
03 Jan 2025 06:56,2,1,0.036,0.031
03 Jan 2025 06:57,2,1,0.041,0.033
03 Jan 2025 06:58,2,1,0.040,0.033
03 Jan 2025 06:59,2,1,0.040,0.032
03 Jan 2025 07:00,2,1,0.039,0.032
03 Jan 2025 07:01,2,1,0.043,0.033
03 Jan 2025 07:02,2,1,0.041,0.031
03 Jan 2025 07:03,2,1,0.040,0.032
03 Jan 2025 07:04,2,1,0.043,0.032
03 Jan 2025 07:05,2,1,0.042,0.033
03 Jan 2025 07:06,2,1,0.043,0.032
03 Jan 2025 07:07,2,1,0.041,0.033
03 Jan 2025 07:08,2,1,0.043,0.033
03 Jan 2025 07:09,2,1,0.041,0.033
03 Jan 2025 07:10,2,1,0.039,0.032
03 Jan 2025 07:11,2,1,0.040,0.032
03 Jan 2025 07:12,2,1,0.042,0.032
03 Jan 2025 07:13,2,1,0.041,0.032
03 Jan 2025 07:14,2,1,0.044,0.034
03 Jan 2025 07:15,2,1,0.044,0.034
03 Jan 2025 07:16,2,1,0.041,0.033
03 Jan 2025 07:17,2,1,0.042,0.033
03 Jan 2025 07:18,2,1,0.037,0.032
03 Jan 2025 07:19,2,1,0.041,0.032
03 Jan 2025 07:20,2,1,0.040,0.033
03 Jan 2025 07:21,2,1,0.041,0.033
03 Jan 2025 07:22,2,1,0.040,0.033
03 Jan 2025 07:23,2,1,0.041,0.033
03 Jan 2025 07:24,2,1,0.040,0.033
03 Jan 2025 07:25,2,1,0.045,0.033
03 Jan 2025 07:26,2,1,0.045,0.033
03 Jan 2025 07:27,2,1,0.044,0.034
03 Jan 2025 07:28,2,1,0.045,0.034
03 Jan 2025 07:29,2,1,0.042,0.032
03 Jan 2025 07:30,2,1,0.044,0.034
03 Jan 2025 07:31,2,1,0.043,0.032
03 Jan 2025 07:32,2,1,0.044,0.033
03 Jan 2025 07:33,2,1,0.042,0.033
03 Jan 2025 07:34,2,1,0.042,0.033
03 Jan 2025 07:35,2,1,0.044,0.033
03 Jan 2025 07:36,2,1,0.043,0.034
03 Jan 2025 07:37,2,1,0.041,0.033
03 Jan 2025 07:38,2,1,0.042,0.033
03 Jan 2025 07:39,2,1,0.045,0.033
03 Jan 2025 07:40,2,1,0.049,0.035
03 Jan 2025 07:41,2,1,0.045,0.033
03 Jan 2025 07:42,2,1,0.040,0.031
03 Jan 2025 07:43,2,1,0.042,0.033
03 Jan 2025 07:44,2,1,0.042,0.032
03 Jan 2025 07:45,2,1,0.048,0.033
03 Jan 2025 07:46,2,1,0.041,0.033
03 Jan 2025 07:47,2,1,0.044,0.035
03 Jan 2025 07:48,2,1,0.044,0.034
03 Jan 2025 07:49,2,1,0.040,0.033
03 Jan 2025 07:50,2,1,0.045,0.034
03 Jan 2025 07:51,2,1,0.044,0.033
03 Jan 2025 07:52,2,1,0.046,0.034
03 Jan 2025 07:53,2,1,0.042,0.033
03 Jan 2025 07:54,2,1,0.040,0.033
03 Jan 2025 07:55,2,1,0.042,0.033
03 Jan 2025 07:56,2,1,0.045,0.034
03 Jan 2025 07:57,2,1,0.042,0.034
03 Jan 2025 07:58,2,1,0.046,0.034
03 Jan 2025 07:59,2,1,0.045,0.034
03 Jan 2025 08:00,2,1,0.042,0.033
03 Jan 2025 08:01,2,1,0.046,0.033
03 Jan 2025 08:02,2,1,0.042,0.035
03 Jan 2025 08:03,2,1,0.044,0.033
03 Jan 2025 08:04,2,1,0.046,0.035
03 Jan 2025 08:05,2,1,0.044,0.033
03 Jan 2025 08:06,2,1,0.042,0.033
03 Jan 2025 08:07,2,1,0.044,0.033
03 Jan 2025 08:08,2,1,0.042,0.034
03 Jan 2025 08:09,2,1,0.046,0.034
03 Jan 2025 08:10,2,1,0.040,0.032
03 Jan 2025 08:11,2,1,0.046,0.033
03 Jan 2025 08:12,2,1,0.047,0.035
03 Jan 2025 08:13,2,1,0.041,0.033
03 Jan 2025 08:14,2,1,0.046,0.034
03 Jan 2025 08:15,2,1,0.045,0.033
03 Jan 2025 08:16,2,1,0.046,0.033
03 Jan 2025 08:17,2,1,0.047,0.033
03 Jan 2025 08:18,2,1,0.041,0.033
03 Jan 2025 08:19,2,1,0.043,0.033
03 Jan 2025 08:20,2,1,0.040,0.032
03 Jan 2025 08:21,2,1,0.046,0.034
03 Jan 2025 08:22,2,1,0.046,0.034
03 Jan 2025 08:23,2,1,0.046,0.035
03 Jan 2025 08:24,2,1,0.043,0.034
03 Jan 2025 08:25,2,1,0.045,0.033
03 Jan 2025 08:26,2,1,0.047,0.034
03 Jan 2025 08:27,2,1,0.047,0.034
03 Jan 2025 08:28,2,1,0.044,0.034
03 Jan 2025 08:29,2,1,0.045,0.033
03 Jan 2025 08:30,2,1,0.043,0.034
03 Jan 2025 08:31,2,1,0.043,0.034
03 Jan 2025 08:32,2,1,0.047,0.035
03 Jan 2025 08:33,2,1,0.043,0.034
03 Jan 2025 08:34,2,1,0.046,0.034
03 Jan 2025 08:35,2,1,0.047,0.035
03 Jan 2025 08:36,2,1,0.045,0.034
03 Jan 2025 08:37,2,1,0.051,0.036
03 Jan 2025 08:38,2,1,0.042,0.034
03 Jan 2025 08:39,2,1,0.047,0.036
03 Jan 2025 08:40,2,1,0.046,0.036
03 Jan 2025 08:41,2,1,0.044,0.034
03 Jan 2025 08:42,2,1,0.047,0.033
03 Jan 2025 08:43,2,1,0.052,0.035
03 Jan 2025 08:44,2,1,0.045,0.034
03 Jan 2025 08:45,2,1,0.048,0.035
03 Jan 2025 08:46,2,1,0.042,0.033
03 Jan 2025 08:47,2,1,0.057,0.037
03 Jan 2025 08:48,2,1,0.050,0.036
03 Jan 2025 08:49,2,1,0.053,0.035
03 Jan 2025 08:50,2,1,0.051,0.035
03 Jan 2025 08:51,2,1,0.050,0.036
03 Jan 2025 08:52,2,1,0.052,0.036
03 Jan 2025 08:53,2,1,0.048,0.035
03 Jan 2025 08:54,2,1,0.051,0.037
03 Jan 2025 08:55,2,1,0.060,0.037
03 Jan 2025 08:56,2,1,0.051,0.035
03 Jan 2025 08:57,2,1,0.045,0.035
03 Jan 2025 08:58,2,1,0.051,0.037
03 Jan 2025 08:59,2,1,0.051,0.035
03 Jan 2025 09:00,2,1,0.050,0.036
03 Jan 2025 09:01,2,1,0.046,0.034
03 Jan 2025 09:02,2,1,0.049,0.034
03 Jan 2025 09:03,2,1,0.047,0.035
03 Jan 2025 09:04,2,1,0.046,0.035
03 Jan 2025 09:05,2,1,0.051,0.035
03 Jan 2025 09:06,2,1,0.050,0.035
03 Jan 2025 09:07,2,1,0.052,0.036
03 Jan 2025 09:08,2,1,0.051,0.035
03 Jan 2025 09:09,2,1,0.056,0.036
03 Jan 2025 09:10,2,1,0.056,0.037
03 Jan 2025 09:11,2,1,0.048,0.036
03 Jan 2025 09:12,2,1,0.049,0.036
03 Jan 2025 09:13,2,1,0.055,0.036
03 Jan 2025 09:14,2,1,0.053,0.035
03 Jan 2025 09:15,2,1,0.052,0.037
03 Jan 2025 09:16,2,1,0.050,0.033
03 Jan 2025 09:17,2,1,0.054,0.037
03 Jan 2025 09:18,2,1,0.049,0.036
03 Jan 2025 09:19,2,1,0.045,0.036
03 Jan 2025 09:20,2,1,0.052,0.037
03 Jan 2025 09:21,2,1,0.046,0.035
03 Jan 2025 09:22,2,1,0.051,0.037
03 Jan 2025 09:23,2,1,0.053,0.036
03 Jan 2025 09:24,2,1,0.051,0.037
03 Jan 2025 09:25,2,1,0.053,0.036
03 Jan 2025 09:26,2,1,0.044,0.035
03 Jan 2025 09:27,2,1,0.054,0.035
03 Jan 2025 09:28,2,1,0.048,0.036
03 Jan 2025 09:29,2,1,0.056,0.036
03 Jan 2025 09:30,2,1,0.051,0.036
03 Jan 2025 09:31,2,1,0.052,0.036
03 Jan 2025 09:32,2,1,0.050,0.037
03 Jan 2025 09:33,2,1,0.047,0.036
03 Jan 2025 09:34,2,1,0.053,0.037
03 Jan 2025 09:35,2,1,0.048,0.034
03 Jan 2025 09:36,2,1,0.045,0.035
03 Jan 2025 09:37,2,1,0.056,0.037
03 Jan 2025 09:38,2,1,0.053,0.034
03 Jan 2025 09:39,2,1,0.051,0.037
03 Jan 2025 09:40,2,1,0.052,0.036
03 Jan 2025 09:41,2,1,0.052,0.036
03 Jan 2025 09:42,2,1,0.044,0.034
03 Jan 2025 09:43,2,1,0.046,0.035
03 Jan 2025 09:44,2,1,0.049,0.035
03 Jan 2025 09:45,2,1,0.049,0.036
03 Jan 2025 09:46,2,1,0.048,0.035
03 Jan 2025 09:47,2,1,0.049,0.036
03 Jan 2025 09:48,2,1,0.052,0.036
03 Jan 2025 09:49,2,1,0.051,0.036
03 Jan 2025 09:50,2,1,0.052,0.035
03 Jan 2025 09:51,2,1,0.053,0.036
03 Jan 2025 09:52,2,1,0.050,0.034
03 Jan 2025 09:53,2,1,0.055,0.037
03 Jan 2025 09:54,2,1,0.046,0.034
03 Jan 2025 09:55,2,1,0.044,0.036
03 Jan 2025 09:56,2,1,0.051,0.036
03 Jan 2025 09:57,2,1,0.048,0.036
03 Jan 2025 09:58,2,1,0.048,0.034
03 Jan 2025 09:59,2,1,0.045,0.035
03 Jan 2025 10:00,2,1,0.047,0.035
03 Jan 2025 10:01,2,1,0.046,0.035
03 Jan 2025 10:02,2,1,0.049,0.036
03 Jan 2025 10:03,2,1,0.050,0.036
03 Jan 2025 10:04,2,1,0.057,0.038
03 Jan 2025 10:05,2,1,0.049,0.036
03 Jan 2025 10:06,2,1,0.045,0.034
03 Jan 2025 10:07,2,1,0.048,0.035
03 Jan 2025 10:08,2,1,0.045,0.034
03 Jan 2025 10:09,2,1,0.046,0.034
03 Jan 2025 10:10,2,1,0.049,0.036
03 Jan 2025 10:11,2,1,0.048,0.035
03 Jan 2025 10:12,2,1,0.048,0.035
03 Jan 2025 10:13,2,1,0.051,0.034
03 Jan 2025 10:14,2,1,0.043,0.034
03 Jan 2025 10:15,2,1,0.048,0.035
03 Jan 2025 10:16,2,1,0.051,0.035
03 Jan 2025 10:17,2,1,0.050,0.036
03 Jan 2025 10:18,2,1,0.047,0.035
03 Jan 2025 10:19,2,1,0.051,0.035
03 Jan 2025 10:20,2,1,0.050,0.035
03 Jan 2025 10:21,2,1,0.047,0.035
03 Jan 2025 10:22,2,1,0.047,0.034
03 Jan 2025 10:23,2,1,0.049,0.034
03 Jan 2025 10:24,2,1,0.046,0.034
03 Jan 2025 10:25,2,1,0.047,0.034
03 Jan 2025 10:26,2,1,0.047,0.035
03 Jan 2025 10:27,2,1,0.047,0.034
03 Jan 2025 10:28,2,1,0.045,0.035
03 Jan 2025 10:29,2,1,0.047,0.034
03 Jan 2025 10:30,2,1,0.043,0.035
03 Jan 2025 10:31,2,1,0.047,0.034
03 Jan 2025 10:32,2,1,0.053,0.036
03 Jan 2025 10:33,2,1,0.045,0.033
03 Jan 2025 10:34,2,1,0.044,0.035
03 Jan 2025 10:35,2,1,0.043,0.034
03 Jan 2025 10:36,2,1,0.047,0.034
03 Jan 2025 10:37,2,1,0.048,0.035
03 Jan 2025 10:38,2,1,0.047,0.034
03 Jan 2025 10:39,2,1,0.043,0.033
03 Jan 2025 10:40,2,1,0.046,0.034
03 Jan 2025 10:41,2,1,0.045,0.033
03 Jan 2025 10:42,2,1,0.048,0.034
03 Jan 2025 10:43,2,1,0.048,0.034
03 Jan 2025 10:44,2,1,0.042,0.032
03 Jan 2025 10:45,2,1,0.044,0.033
03 Jan 2025 10:46,2,1,0.042,0.032
03 Jan 2025 10:47,2,1,0.045,0.034
03 Jan 2025 10:48,2,1,0.045,0.033
03 Jan 2025 10:49,2,1,0.043,0.032
03 Jan 2025 10:50,2,1,0.043,0.032
03 Jan 2025 10:51,2,1,0.048,0.034
03 Jan 2025 10:52,2,1,0.047,0.034
03 Jan 2025 10:53,2,1,0.043,0.032
03 Jan 2025 10:54,2,1,0.042,0.033
03 Jan 2025 10:55,2,1,0.042,0.033
03 Jan 2025 10:56,2,1,0.046,0.033
03 Jan 2025 10:57,2,1,0.048,0.034
03 Jan 2025 10:58,2,1,0.041,0.033
03 Jan 2025 10:59,2,1,0.044,0.033
03 Jan 2025 11:00,2,1,0.044,0.033
03 Jan 2025 11:01,2,1,0.043,0.033
03 Jan 2025 11:02,2,1,0.042,0.032
03 Jan 2025 11:03,2,1,0.041,0.032
03 Jan 2025 11:04,2,1,0.047,0.033
03 Jan 2025 11:05,2,1,0.043,0.032
03 Jan 2025 11:06,2,1,0.047,0.032
03 Jan 2025 11:07,2,1,0.043,0.032
03 Jan 2025 11:08,2,1,0.043,0.032
03 Jan 2025 11:09,2,1,0.043,0.032
03 Jan 2025 11:10,2,1,0.045,0.032
03 Jan 2025 11:11,2,1,0.040,0.032
03 Jan 2025 11:12,2,1,0.043,0.032
03 Jan 2025 11:13,2,1,0.040,0.032
03 Jan 2025 11:14,2,1,0.045,0.033
03 Jan 2025 11:15,2,1,0.039,0.032
03 Jan 2025 11:16,2,1,0.045,0.032
03 Jan 2025 11:17,2,1,0.038,0.031
03 Jan 2025 11:18,2,1,0.038,0.031
03 Jan 2025 11:19,2,1,0.044,0.032
03 Jan 2025 11:20,2,1,0.040,0.031
03 Jan 2025 11:21,2,1,0.040,0.032
03 Jan 2025 11:22,2,1,0.043,0.031
03 Jan 2025 11:23,2,1,0.041,0.032
03 Jan 2025 11:24,2,1,0.045,0.033
03 Jan 2025 11:25,2,1,0.041,0.031
03 Jan 2025 11:26,2,1,0.040,0.032
03 Jan 2025 11:27,2,1,0.039,0.031
03 Jan 2025 11:28,2,1,0.040,0.032
03 Jan 2025 11:29,2,1,0.041,0.031
03 Jan 2025 11:30,2,1,0.041,0.031
03 Jan 2025 11:31,2,1,0.043,0.032
03 Jan 2025 11:32,2,1,0.039,0.031
03 Jan 2025 11:33,2,1,0.039,0.031
03 Jan 2025 11:34,2,1,0.039,0.030
03 Jan 2025 11:35,2,1,0.038,0.032
03 Jan 2025 11:36,2,1,0.041,0.031
03 Jan 2025 11:37,2,1,0.038,0.030
03 Jan 2025 11:38,2,1,0.040,0.030
03 Jan 2025 11:39,2,1,0.039,0.031
03 Jan 2025 11:40,2,1,0.041,0.030
03 Jan 2025 11:41,2,1,0.037,0.030
03 Jan 2025 11:42,2,1,0.041,0.032
03 Jan 2025 11:43,2,1,0.044,0.031
03 Jan 2025 11:44,2,1,0.043,0.031
03 Jan 2025 11:45,2,1,0.040,0.032
03 Jan 2025 11:46,2,1,0.038,0.030
03 Jan 2025 11:47,2,1,0.045,0.032
03 Jan 2025 11:48,2,1,0.043,0.032
03 Jan 2025 11:49,2,1,0.038,0.030
03 Jan 2025 11:50,2,1,0.044,0.030
03 Jan 2025 11:51,2,1,0.040,0.031
03 Jan 2025 11:52,2,1,0.044,0.030
03 Jan 2025 11:53,2,1,0.043,0.031
03 Jan 2025 11:54,2,1,0.039,0.030
03 Jan 2025 11:55,2,1,0.039,0.031
03 Jan 2025 11:56,2,1,0.037,0.029
03 Jan 2025 11:57,2,1,0.038,0.030
03 Jan 2025 11:58,2,1,0.039,0.031
03 Jan 2025 11:59,2,1,0.042,0.031
03 Jan 2025 12:00,2,1,0.040,0.030
03 Jan 2025 12:01,2,1,0.039,0.030
03 Jan 2025 12:02,2,1,0.037,0.030
03 Jan 2025 12:03,2,1,0.040,0.030
03 Jan 2025 12:04,2,1,0.038,0.029
03 Jan 2025 12:05,2,1,0.041,0.031
03 Jan 2025 12:06,2,1,0.044,0.031
03 Jan 2025 12:07,2,1,0.038,0.030
03 Jan 2025 12:08,2,1,0.041,0.030
03 Jan 2025 12:09,2,1,0.039,0.029
03 Jan 2025 12:10,2,1,0.038,0.029
03 Jan 2025 12:11,2,1,0.039,0.029
03 Jan 2025 12:12,2,1,0.037,0.029
03 Jan 2025 12:13,2,1,0.039,0.029
03 Jan 2025 12:14,2,1,0.036,0.030
03 Jan 2025 12:15,2,1,0.037,0.029
03 Jan 2025 12:16,2,1,0.035,0.029
03 Jan 2025 12:17,2,1,0.036,0.029
03 Jan 2025 12:18,2,1,0.039,0.029
03 Jan 2025 12:19,2,1,0.037,0.028
03 Jan 2025 12:20,2,1,0.042,0.029
03 Jan 2025 12:21,2,1,0.038,0.030
03 Jan 2025 12:22,2,1,0.035,0.028
03 Jan 2025 12:23,2,1,0.035,0.029
03 Jan 2025 12:24,2,1,0.039,0.029
03 Jan 2025 12:25,2,1,0.035,0.028
03 Jan 2025 12:26,2,1,0.034,0.028
03 Jan 2025 12:27,2,1,0.037,0.030
03 Jan 2025 12:28,2,1,0.037,0.029
03 Jan 2025 12:29,2,1,0.037,0.029
03 Jan 2025 12:30,2,1,0.038,0.027
03 Jan 2025 12:31,2,1,0.035,0.028
03 Jan 2025 12:32,2,1,0.035,0.029
03 Jan 2025 12:33,2,1,0.035,0.027
03 Jan 2025 12:34,2,1,0.038,0.028
03 Jan 2025 12:35,2,1,0.038,0.029
03 Jan 2025 12:36,2,1,0.037,0.027
03 Jan 2025 12:37,2,1,0.034,0.028
03 Jan 2025 12:38,2,1,0.035,0.028
03 Jan 2025 12:39,2,1,0.034,0.027
03 Jan 2025 12:40,2,1,0.037,0.026
03 Jan 2025 12:41,2,1,0.034,0.028
03 Jan 2025 12:42,2,1,0.036,0.028
03 Jan 2025 12:43,2,1,0.039,0.029
03 Jan 2025 12:44,2,1,0.038,0.028
03 Jan 2025 12:45,2,1,0.035,0.027
03 Jan 2025 12:46,2,1,0.036,0.029
03 Jan 2025 12:47,2,1,0.039,0.029
03 Jan 2025 12:48,2,1,0.039,0.027
03 Jan 2025 12:49,2,1,0.034,0.027
03 Jan 2025 12:50,2,1,0.038,0.027
03 Jan 2025 12:51,2,1,0.036,0.028
03 Jan 2025 12:52,2,1,0.036,0.027
03 Jan 2025 12:53,2,1,0.032,0.027
03 Jan 2025 12:54,2,1,0.035,0.026
03 Jan 2025 12:55,2,1,0.032,0.026
03 Jan 2025 12:56,2,1,0.035,0.026
03 Jan 2025 12:57,2,1,0.037,0.027
03 Jan 2025 12:58,2,1,0.036,0.027
03 Jan 2025 12:59,2,1,0.031,0.026
03 Jan 2025 13:00,2,1,0.036,0.027
03 Jan 2025 13:01,2,1,0.033,0.027
03 Jan 2025 13:02,2,1,0.035,0.026
03 Jan 2025 13:03,2,1,0.032,0.027
03 Jan 2025 13:04,2,1,0.036,0.026
03 Jan 2025 13:05,2,1,0.037,0.026
03 Jan 2025 13:06,2,1,0.035,0.026
03 Jan 2025 13:07,2,1,0.036,0.026
03 Jan 2025 13:08,2,1,0.030,0.025
03 Jan 2025 13:09,2,1,0.033,0.026
03 Jan 2025 13:10,2,1,0.032,0.027
03 Jan 2025 13:11,2,1,0.034,0.027
03 Jan 2025 13:12,2,1,0.035,0.025
03 Jan 2025 13:13,2,1,0.031,0.025
03 Jan 2025 13:14,2,1,0.032,0.025
03 Jan 2025 13:15,2,1,0.031,0.026
03 Jan 2025 13:16,2,1,0.032,0.025
03 Jan 2025 13:17,2,1,0.031,0.025
03 Jan 2025 13:18,2,1,0.035,0.026
03 Jan 2025 13:19,2,1,0.031,0.025
03 Jan 2025 13:20,2,1,0.033,0.026
03 Jan 2025 13:21,2,1,0.031,0.026
03 Jan 2025 13:22,2,1,0.033,0.026
03 Jan 2025 13:23,2,1,0.034,0.026
03 Jan 2025 13:24,2,1,0.032,0.025
03 Jan 2025 13:25,2,1,0.033,0.025
03 Jan 2025 13:26,2,1,0.031,0.027
03 Jan 2025 13:27,2,1,0.037,0.026
03 Jan 2025 13:28,2,1,0.033,0.025
03 Jan 2025 13:29,2,1,0.032,0.025
03 Jan 2025 13:30,2,1,0.028,0.023
03 Jan 2025 13:31,2,1,0.035,0.025
03 Jan 2025 13:32,2,1,0.034,0.025
03 Jan 2025 13:33,2,1,0.032,0.024
03 Jan 2025 13:34,2,1,0.031,0.025
03 Jan 2025 13:35,2,1,0.031,0.025
03 Jan 2025 13:36,2,1,0.035,0.025
03 Jan 2025 13:37,2,1,0.032,0.025
03 Jan 2025 13:38,2,1,0.033,0.025
03 Jan 2025 13:39,2,1,0.032,0.025
03 Jan 2025 13:40,2,1,0.031,0.024
03 Jan 2025 13:41,2,1,0.029,0.024
03 Jan 2025 13:42,2,1,0.036,0.024
03 Jan 2025 13:43,2,1,0.030,0.024
03 Jan 2025 13:44,2,1,0.029,0.025
03 Jan 2025 13:45,2,1,0.030,0.024
03 Jan 2025 13:46,2,1,0.029,0.024
03 Jan 2025 13:47,2,1,0.034,0.024
03 Jan 2025 13:48,2,1,0.031,0.023
03 Jan 2025 13:49,2,1,0.032,0.024
03 Jan 2025 13:50,2,1,0.030,0.023
03 Jan 2025 13:51,2,1,0.030,0.023
03 Jan 2025 13:52,2,1,0.029,0.024
03 Jan 2025 13:53,2,1,0.033,0.023
03 Jan 2025 13:54,2,1,0.028,0.022
03 Jan 2025 13:55,2,1,0.030,0.023
03 Jan 2025 13:56,2,1,0.032,0.023
03 Jan 2025 13:57,2,1,0.029,0.023
03 Jan 2025 13:58,2,1,0.031,0.023
03 Jan 2025 13:59,2,1,0.030,0.023
03 Jan 2025 14:00,2,1,0.032,0.023
03 Jan 2025 14:01,2,1,0.029,0.023
03 Jan 2025 14:02,2,1,0.030,0.023
03 Jan 2025 14:03,2,1,0.028,0.023
03 Jan 2025 14:04,2,1,0.035,0.023
03 Jan 2025 14:05,2,1,0.030,0.024
03 Jan 2025 14:06,2,1,0.030,0.023
03 Jan 2025 14:07,2,1,0.032,0.023
03 Jan 2025 14:08,2,1,0.030,0.024
03 Jan 2025 14:09,2,1,0.030,0.023
03 Jan 2025 14:10,2,1,0.027,0.022
03 Jan 2025 14:11,2,1,0.030,0.024
03 Jan 2025 14:12,2,1,0.030,0.023
03 Jan 2025 14:13,2,1,0.029,0.022
03 Jan 2025 14:14,2,1,0.030,0.023
03 Jan 2025 14:15,2,1,0.029,0.022
03 Jan 2025 14:16,2,1,0.028,0.023
03 Jan 2025 14:17,2,1,0.034,0.024
03 Jan 2025 14:18,2,1,0.028,0.024
03 Jan 2025 14:19,2,1,0.032,0.024
03 Jan 2025 14:20,2,1,0.028,0.022
03 Jan 2025 14:21,2,1,0.028,0.023
03 Jan 2025 14:22,2,1,0.030,0.023
03 Jan 2025 14:23,2,1,0.029,0.023
03 Jan 2025 14:24,2,1,0.031,0.023
03 Jan 2025 14:25,2,1,0.032,0.023
03 Jan 2025 14:26,2,1,0.028,0.024
03 Jan 2025 14:27,2,1,0.027,0.022
03 Jan 2025 14:28,2,1,0.029,0.022
03 Jan 2025 14:29,2,1,0.029,0.023
03 Jan 2025 14:30,2,1,0.028,0.022
03 Jan 2025 14:31,2,1,0.028,0.023
03 Jan 2025 14:32,2,1,0.028,0.022
03 Jan 2025 14:33,2,1,0.031,0.023
03 Jan 2025 14:34,2,1,0.031,0.022
03 Jan 2025 14:35,2,1,0.029,0.023
03 Jan 2025 14:36,2,1,0.028,0.023
03 Jan 2025 14:37,2,1,0.025,0.021
03 Jan 2025 14:38,2,1,0.028,0.023
03 Jan 2025 14:39,2,1,0.029,0.023
03 Jan 2025 14:40,2,1,0.028,0.022
03 Jan 2025 14:41,2,1,0.030,0.022
03 Jan 2025 14:42,2,1,0.027,0.022
03 Jan 2025 14:43,2,1,0.030,0.023
03 Jan 2025 14:44,2,1,0.027,0.022
03 Jan 2025 14:45,2,1,0.027,0.022
03 Jan 2025 14:46,2,1,0.023,0.021
03 Jan 2025 14:47,2,1,0.028,0.022
03 Jan 2025 14:48,2,1,0.035,0.023
03 Jan 2025 14:49,2,1,0.028,0.021
03 Jan 2025 14:50,2,1,0.024,0.020
03 Jan 2025 14:51,2,1,0.027,0.021
03 Jan 2025 14:52,2,1,0.026,0.021
03 Jan 2025 14:53,2,1,0.026,0.021
03 Jan 2025 14:54,2,1,0.031,0.021
03 Jan 2025 14:55,2,1,0.028,0.020
03 Jan 2025 14:56,2,1,0.028,0.021
03 Jan 2025 14:57,2,1,0.024,0.021
03 Jan 2025 14:58,2,1,0.027,0.021
03 Jan 2025 14:59,2,1,0.026,0.021
03 Jan 2025 15:00,2,1,0.029,0.021
03 Jan 2025 15:01,2,1,0.028,0.021
03 Jan 2025 15:02,2,1,0.024,0.021
03 Jan 2025 15:03,2,1,0.024,0.020
03 Jan 2025 15:04,2,1,0.025,0.020
03 Jan 2025 15:05,2,1,0.024,0.021
03 Jan 2025 15:06,2,1,0.028,0.021
03 Jan 2025 15:07,2,1,0.025,0.021
03 Jan 2025 15:08,2,1,0.027,0.021
03 Jan 2025 15:09,2,1,0.027,0.021
03 Jan 2025 15:10,2,1,0.027,0.021
03 Jan 2025 15:11,2,1,0.026,0.020
03 Jan 2025 15:12,2,1,0.023,0.020
03 Jan 2025 15:13,2,1,0.027,0.019
03 Jan 2025 15:14,2,1,0.028,0.021
03 Jan 2025 15:15,2,1,0.023,0.020
03 Jan 2025 15:16,2,1,0.028,0.020
03 Jan 2025 15:17,2,1,0.024,0.019
03 Jan 2025 15:18,2,1,0.026,0.021
03 Jan 2025 15:19,2,1,0.024,0.019
03 Jan 2025 15:20,2,1,0.024,0.020
03 Jan 2025 15:21,2,1,0.028,0.022
03 Jan 2025 15:22,2,1,0.029,0.020
03 Jan 2025 15:23,2,1,0.026,0.021
03 Jan 2025 15:24,2,1,0.026,0.020
03 Jan 2025 15:25,2,1,0.025,0.020
03 Jan 2025 15:26,2,1,0.024,0.020
03 Jan 2025 15:27,2,1,0.027,0.021
03 Jan 2025 15:28,2,1,0.026,0.021
03 Jan 2025 15:29,2,1,0.024,0.019
03 Jan 2025 15:30,2,1,0.026,0.019
03 Jan 2025 15:31,2,1,0.027,0.019
03 Jan 2025 15:32,2,1,0.027,0.020
03 Jan 2025 15:33,2,1,0.027,0.020
03 Jan 2025 15:34,2,1,0.024,0.019
03 Jan 2025 15:35,2,1,0.023,0.019
03 Jan 2025 15:36,2,1,0.022,0.020
03 Jan 2025 15:37,2,1,0.027,0.020
03 Jan 2025 15:38,2,1,0.024,0.019
03 Jan 2025 15:39,2,1,0.025,0.020
03 Jan 2025 15:40,2,1,0.027,0.021
03 Jan 2025 15:41,2,1,0.024,0.020
03 Jan 2025 15:42,2,1,0.025,0.019
03 Jan 2025 15:43,2,1,0.025,0.019
03 Jan 2025 15:44,2,1,0.025,0.020
03 Jan 2025 15:45,2,1,0.024,0.020
03 Jan 2025 15:46,2,1,0.026,0.019
03 Jan 2025 15:47,2,1,0.022,0.019
03 Jan 2025 15:48,2,1,0.024,0.020
03 Jan 2025 15:49,2,1,0.022,0.018
03 Jan 2025 15:50,2,1,0.026,0.020
03 Jan 2025 15:51,2,1,0.025,0.019
03 Jan 2025 15:52,2,1,0.023,0.019
03 Jan 2025 15:53,2,1,0.028,0.019
03 Jan 2025 15:54,2,1,0.022,0.019
03 Jan 2025 15:55,2,1,0.025,0.019
03 Jan 2025 15:56,2,1,0.024,0.018
03 Jan 2025 15:57,2,1,0.023,0.017
03 Jan 2025 15:58,2,1,0.024,0.019
03 Jan 2025 15:59,2,1,0.025,0.019
03 Jan 2025 16:00,2,1,0.023,0.019
03 Jan 2025 16:01,2,1,0.025,0.019
03 Jan 2025 16:02,2,1,0.024,0.018
03 Jan 2025 16:03,2,1,0.023,0.018
03 Jan 2025 16:04,2,1,0.025,0.019
03 Jan 2025 16:05,2,1,0.026,0.019
03 Jan 2025 16:06,2,1,0.031,0.019
03 Jan 2025 16:07,2,1,0.025,0.018
03 Jan 2025 16:08,2,1,0.023,0.018
03 Jan 2025 16:09,2,1,0.026,0.019
03 Jan 2025 16:10,2,1,0.022,0.018
03 Jan 2025 16:11,2,1,0.021,0.018
03 Jan 2025 16:12,2,1,0.022,0.018
03 Jan 2025 16:13,2,1,0.025,0.019
03 Jan 2025 16:14,2,1,0.023,0.018
03 Jan 2025 16:15,2,1,0.020,0.017
03 Jan 2025 16:16,2,1,0.021,0.018
03 Jan 2025 16:17,2,1,0.024,0.019
03 Jan 2025 16:18,2,1,0.023,0.018
03 Jan 2025 16:19,2,1,0.025,0.019
03 Jan 2025 16:20,2,1,0.023,0.018
03 Jan 2025 16:21,2,1,0.024,0.019
03 Jan 2025 16:22,2,1,0.025,0.018
03 Jan 2025 16:23,2,1,0.025,0.018
03 Jan 2025 16:24,2,1,0.025,0.019
03 Jan 2025 16:25,2,1,0.027,0.019
03 Jan 2025 16:26,2,1,0.026,0.019
03 Jan 2025 16:27,2,1,0.024,0.018
03 Jan 2025 16:28,2,1,0.024,0.017
03 Jan 2025 16:29,2,1,0.022,0.019
03 Jan 2025 16:30,2,1,0.024,0.018
03 Jan 2025 16:31,2,1,0.022,0.018
03 Jan 2025 16:32,2,1,0.022,0.017
03 Jan 2025 16:33,2,1,0.026,0.019
03 Jan 2025 16:34,2,1,0.021,0.018
03 Jan 2025 16:35,2,1,0.024,0.017
03 Jan 2025 16:36,2,1,0.023,0.018
